case_id,candidate,family,severity,expected_violation,physics_failed,position_rmse,velocity_rmse,initial_condition_error,energy_drift,momentum_drift,collision_event_error,kinematic_residual,mse,psnr,ssim,ssim_error,pixel_frechet,temporal_gradient_mse,ratio_to_random_mse,low_sensitivity_mse,exact_miss_mse,ratio_to_random_ssim_error,low_sensitivity_ssim_error,exact_miss_ssim_error,ratio_to_random_pixel_frechet,low_sensitivity_pixel_frechet,exact_miss_pixel_frechet,ratio_to_random_temporal_gradient_mse,low_sensitivity_temporal_gradient_mse,exact_miss_temporal_gradient_mse
case-000,correct,correct,0.0,none,0.0,0.0,0.0,0.0,4.56618055123926e-16,3.980216224725351e-17,0.0,0.00329107322853201,0.0,120.0,1.0,0.0,8.868773770931426e-17,0.0,0.0,0.0,0.0,0.0,0.0,0.0,2.049422110359564e-15,0.0,0.0,0.0,0.0,0.0
case-000,inelastic-0.95,inelastic,0.05,energy,1.0,0.0009807964278232733,0.01661412540388473,0.0,0.0962882334900815,3.980216224725351e-17,0.0,0.00329107322853201,4.494046515901573e-05,43.47362436702198,0.9976845378108009,0.002315462189199091,1.4783500026896608e-06,1.7310065231868066e-05,0.002441136212393027,1.0,0.0,0.0024418458088119755,1.0,0.0,3.4162143049502056e-05,1.0,0.0,0.0009258011371504126,1.0,0.0
case-000,inelastic-0.80,inelastic,0.2,energy,1.0,0.003923185711294736,0.06645650161553882,0.0,0.3555257851941474,0.0,0.0,0.00329107322853201,0.0005464146379381418,32.62477674826873,0.9718465057544542,0.028153494245545807,2.122994387241924e-05,9.736325591802597e-05,0.02968088013625796,1.0,0.0,0.029690181186105755,1.0,0.0,0.00049058773509857,1.0,0.0,0.0052073179296648715,1.0,0.0
case-000,inelastic-0.50,inelastic,0.5,energy,1.0,0.009807964278237678,0.166141254038847,0.0,0.7406787191544741,0.0,0.0,0.00329107322853201,0.0019693966023623943,27.056668156683653,0.8985308676217586,0.1014691323782414,0.00011264915805751655,0.00012003447045572102,0.10697631512223373,1.0,0.0,0.107007567118727,1.0,0.0,0.002603129600544737,1.0,0.0,0.006419851557841959,1.0,0.0
case-000,momentum-kick-0.025,momentum-kick,0.025,momentum,1.0,0.0007076540641821073,0.011987251412587097,0.0,0.006708172172920339,0.035850600613054145,0.0,0.00329107322853201,2.4383787604165263e-05,46.12898833261291,0.9987434679861381,0.0012565320138618885,1.7033940972748136e-06,4.510732196649769e-06,0.001324511143914731,1.0,0.0,0.00132511662077627,1.0,0.0,3.9362527625330776e-05,1.0,0.0,0.00024124929288834722,1.0,0.0
case-000,momentum-kick-0.075,momentum-kick,0.075,momentum,1.0,0.002122962192546863,0.03596175423776129,0.0,0.01241292313286131,0.1075518018391625,0.0,0.00329107322853201,0.000189590486115776,37.2218345988344,0.9902377258213663,0.009762274178633734,1.6560041786012683e-05,2.533643964852672e-05,0.010298429256235022,1.0,0.0,0.010295123107069872,1.0,0.0,0.0003826742756250095,1.0,0.0,0.0013550789279964755,1.0,0.0
case-000,momentum-kick-0.150,momentum-kick,0.15,momentum,1.0,0.004245924385092624,0.07192350847552259,0.0,0.0016910661080220214,0.21510360367832507,0.0,0.00329107322853201,0.0006198871997185051,32.07687331464228,0.968079079454928,0.03192092054507201,5.973377466838214e-05,6.177476461743936e-05,0.03367186088255643,1.0,0.0,0.033663242876518465,1.0,0.0,0.0013803454874659802,1.0,0.0,0.0033039244256997226,1.0,0.0
case-000,collision-dropout,collision-dropout,1.0,collision,1.0,0.039260651476426295,0.6645650161553879,0.0,0.0,0.0,1.0,2.339842565501268e-14,0.0054289307445287704,22.652856984918316,0.6810398953691202,0.31896010463087976,0.0013480751520753313,0.00019022569176740944,0.29489591147198707,0.0,0.0,0.33636973141010107,0.0,0.0,0.031151713804504457,1.0,0.0,0.010173916700745212,1.0,0.0
case-000,time-reverse,time-reverse,1.0,initial-condition,1.0,0.011467151945330446,0.9398368589256446,0.6930765954764798,4.566180551239258e-16,3.9802162247253496e-17,1.0,0.9840047881892425,0.0035391615238040686,24.51099616142927,0.8177155969384934,0.18228440306150662,9.194034422677078e-17,0.0004393009003251791,0.1922449028219053,1.0,0.0,0.1922339339868446,1.0,0.0,2.1245842904461004e-15,1.0,1.0,0.023495305628513805,1.0,0.0
case-000,random,random,1.0,state,1.0,0.26917703722895925,0.7661011022117019,0.4924952229885144,0.9266775047996906,2.0967744999034914,0.0,377.52256675568213,0.018409650772809982,17.34954449892514,0.05175741201872749,0.9482425879812725,0.04327451004895927,0.01869739033281803,1.0,0.0,0.0,1.0,0.0,0.0,1.0,0.0,0.0,1.0,0.0,0.0
case-001,correct,correct,0.0,none,0.0,0.0,0.0,0.0,6.278317264548197e-16,0.0,0.0,0.012025626897602802,0.0,120.0,1.0,0.0,2.424276057677588e-16,0.0,0.0,0.0,0.0,0.0,0.0,0.0,4.18386041244199e-15,0.0,0.0,0.0,0.0,0.0
case-001,inelastic-0.95,inelastic,0.05,energy,1.0,0.00095126179595744,0.015804685846719558,0.0,0.09611818051233906,0.0,0.0,0.012025626897602802,4.7221048589563e-05,43.25864373216532,0.9980551238949426,0.001944876105057447,3.213061829288825e-06,1.8105825802194886e-05,0.0020277129936948123,1.0,0.0,0.0020265840284575953,1.0,0.0,5.5451614710777236e-05,1.0,0.0,0.0007717725290761722,1.0,0.0
case-001,inelastic-0.80,inelastic,0.2,energy,1.0,0.003805047183829703,0.06321874338687768,0.0,0.35489789727632753,0.0,0.0,0.012025626897602802,0.0005826636916026473,32.34582043910727,0.9760053175125117,0.02399468248748826,4.136205748530523e-05,0.00010089759598486125,0.02502008688299246,1.0,0.0,0.025002744478481085,1.0,0.0,0.0007138340303360505,1.0,0.0,0.004300825252693108,1.0,0.0
case-001,inelastic-0.50,inelastic,0.5,energy,1.0,0.00951261795957674,0.15804685846719443,0.0,0.7393706193256839,0.0,0.0,0.012025626897602802,0.0021324811968952417,26.711147895253355,0.9121994531998951,0.08780054680010485,0.00019556962526053913,0.0001265665196115151,0.09157060168947773,1.0,0.0,0.09148921382304728,1.0,0.0,0.003375176727140307,1.0,0.0,0.005394979715595552,1.0,0.0
case-001,momentum-kick-0.025,momentum-kick,0.025,momentum,1.0,0.0007204703400674141,0.01197021412510542,0.0,0.010366159289163897,0.03759988516813118,0.0,0.012025626897602802,2.7930038413614966e-05,45.53928466991099,0.9988500425814025,0.0011499574185974692,2.7689481146438676e-06,5.334451543603791e-06,0.001199340198857842,1.0,0.0,0.0011982693045977444,1.0,0.0,4.7787018166827406e-05,1.0,0.0,0.00022738444542763167,1.0,0.0
case-001,momentum-kick-0.075,momentum-kick,0.075,momentum,1.0,0.002161411020202984,0.03591064237531627,0.0,0.03958098605543041,0.11279965550439348,0.0,0.012025626897602802,0.00021995168935973197,36.576726980345065,0.9909424206014766,0.009057579398523363,1.6935984245955178e-05,2.9483047910616733e-05,0.009444917294751267,1.0,0.0,0.009438105439108066,1.0,0.0,0.00029228434529140855,1.0,0.0,0.0012567339760936088,1.0,0.0
case-001,momentum-kick-0.150,momentum-kick,0.15,momentum,1.0,0.004322822040405198,0.07182128475063254,0.0,0.10460949667468011,0.22559931100878705,0.0,0.012025626897602802,0.0007127097342163324,31.470873095521853,0.9706607285499569,0.029339271450043114,6.638503139288002e-05,7.486015965696424e-05,0.030604377326823095,1.0,0.0,0.030571869731251096,1.0,0.0,0.001145685137399182,1.0,0.0,0.0031909626976802975,1.0,0.0
case-001,collision-dropout,collision-dropout,1.0,collision,1.0,0.038156750616549745,0.6321874338687776,0.0,0.0,0.0,1.0,1.886375071405512e-14,0.0063612572848796844,21.96457038766519,0.6943434418588659,0.3056565581411341,0.0009084924790592761,0.00019540385983418673,0.2731579335499396,0.0,0.0,0.3184977682184265,0.0,0.0,0.015678931061088325,1.0,0.0,0.00832921584152182,1.0,0.0
case-001,time-reverse,time-reverse,1.0,initial-condition,1.0,0.011566458380938685,0.8940480429390694,0.6602606161528636,6.278317264548193e-16,0.0,1.0,0.9383464558188244,0.003992298152297735,23.987770322487876,0.8356433867227496,0.16435661327725037,1.214306433183765e-17,0.0004611590120475739,0.17143276314086664,1.0,0.0,0.17126154543876138,1.0,0.0,2.095672478504038e-16,1.0,1.0,0.019657200998315128,1.0,0.0
case-001,random,random,1.0,state,1.0,0.2677862795434113,0.7570374789780797,0.39630765238634286,0.9844854237595136,1.5668384343127495,1.0,373.4828252323431,0.023287836462259293,16.32870857371193,0.040318053558497276,0.9596819464415027,0.057943521501536255,0.023460054770112038,1.0,0.0,0.0,1.0,0.0,0.0,1.0,0.0,0.0,1.0,0.0,0.0
case-002,correct,correct,0.0,none,0.0,0.0,0.0,0.0,4.380383551855615e-16,0.0,0.0,0.012054711629618665,0.0,120.0,1.0,0.0,0.0,0.0,0.0,0.0,0.0,0.0,0.0,0.0,0.0,0.0,0.0,0.0,0.0,0.0
case-002,inelastic-0.95,inelastic,0.05,energy,1.0,0.0012145684828335362,0.018253355930033827,0.0,0.09723366439713928,0.0,0.0,0.012054711629618665,6.624186789849773e-05,41.788674297471374,0.9964647914024564,0.0035352085975436376,5.061395637850604e-06,2.623689579195343e-05,0.003690731562029459,1.0,0.0,0.0036921795816092463,1.0,0.0,0.00012334185632607693,1.0,0.0,0.0014379852452966041,1.0,0.0
case-002,inelastic-0.80,inelastic,0.2,energy,1.0,0.0048582739313341805,0.07301342372013533,0.0,0.35901660700482346,0.0,0.0,0.012054711629618665,0.0007668275502510369,31.153022923679675,0.9591011795729413,0.040898820427058724,4.990586629576585e-05,0.0001241040590684861,0.04272455974040274,1.0,0.0,0.042714817393692824,1.0,0.0,0.0012161630172611388,1.0,0.0,0.00680186433780146,1.0,0.0
case-002,inelastic-0.50,inelastic,0.5,energy,1.0,0.012145684828332809,0.18253355930033824,0.0,0.7479512645933826,0.0,0.0,0.012054711629618665,0.0026179254055023193,25.820427322849802,0.8602215438021664,0.13977845619783358,0.00018796870601289458,0.000140716991154477,0.1458603180684961,1.0,0.0,0.145984924986066,1.0,0.0,0.004580635617073918,1.0,0.0,0.007712381778972836,1.0,0.0
case-002,momentum-kick-0.025,momentum-kick,0.025,momentum,1.0,0.0008541260152925126,0.012836382951311771,0.0,0.0024374728001792813,0.03511364917296835,0.0,0.012054711629618665,3.363631549291313e-05,44.731915826937936,0.9982054474069771,0.0017945525930228579,2.438649632357029e-06,6.834435680502793e-06,0.0018740807763799536,1.0,0.0,0.0018742346481864529,1.0,0.0,5.9427793064514286e-05,1.0,0.0,0.00037458004736618867,1.0,0.0
case-002,momentum-kick-0.075,momentum-kick,0.075,momentum,1.0,0.002562378045877261,0.03850914885393531,0.0,8.539174891492123e-05,0.10534094751890505,0.0,0.012054711629618665,0.00026429331046529114,35.779138291678635,0.9858983439622614,0.014101656037738608,1.8282914043399887e-05,3.370680133230053e-05,0.01472536469023124,1.0,0.0,0.014727800369571416,1.0,0.0,0.0004455388826550383,1.0,0.0,0.0018473939663569982,1.0,0.0
case-002,momentum-kick-0.150,momentum-kick,0.15,momentum,1.0,0.005124756091756352,0.07701829770787054,0.0,0.02236421394619033,0.21068189503780993,0.0,0.012054711629618665,0.0008311534766107798,30.80318774181251,0.9556409838557336,0.044359016144266405,5.940984953974049e-05,8.026138675631955e-05,0.04630854271377644,1.0,0.0,0.046328653359220526,1.0,0.0,0.0014477669106689995,1.0,0.0,0.004398946081038605,1.0,0.0
case-002,collision-dropout,collision-dropout,1.0,collision,1.0,0.048694722894397864,0.730134237201353,0.0,0.0,0.0,1.0,2.53279715793248e-14,0.006485268007963896,21.880720717040717,0.6161079301236301,0.3838920698763699,0.0009898274706373659,0.0002271250559715554,0.36133315808498034,0.0,0.0,0.4009377163554341,0.0,0.0,0.024121243705580823,1.0,0.0,0.012448213459171015,1.0,0.0
case-002,time-reverse,time-reverse,1.0,initial-condition,1.0,0.00652979661415312,0.9776994853392655,0.7110238887558645,4.380383551855613e-16,0.0,0.0,1.0046602426577234,0.001517522381618619,28.188648948874455,0.9190360999737255,0.08096390002627452,0.0,0.0003338470123708248,0.08455026900068692,1.0,0.0,0.08455887404555712,1.0,0.0,0.0,1.0,1.0,0.018297403846183294,1.0,0.0
case-002,random,random,1.0,state,1.0,0.27031842924110133,0.7665267778021793,0.6821990579852352,0.9173207190814291,2.055979792859061,1.0,380.1507512117691,0.017948167398571968,17.459798885518754,0.042514449959986066,0.9574855500400139,0.04103550723665024,0.018245594576001167,1.0,0.0,0.0,1.0,0.0,0.0,1.0,0.0,0.0,1.0,0.0,0.0
case-003,correct,correct,0.0,none,0.0,0.0,0.0,0.0,3.364683807692859e-16,0.0,0.0,0.011920189549260829,0.0,120.0,1.0,0.0,3.443426099813962e-16,0.0,0.0,0.0,0.0,0.0,0.0,0.0,3.900835867973966e-15,0.0,0.0,0.0,0.0,0.0
case-003,inelastic-0.95,inelastic,0.05,energy,1.0,0.0015667148651340394,0.022197426761393867,0.0,0.09706276269577274,0.0,0.0,0.011920189549260829,0.00013463987852446735,38.70826288863615,0.9953658186169315,0.004634181383068481,2.3455326067791174e-05,5.218054138822481e-05,0.004775609032864348,1.0,0.0,0.00477464677832456,1.0,0.0,0.00026571029715203643,1.0,0.0,0.0018193858015055832,1.0,0.0
case-003,inelastic-0.80,inelastic,0.2,energy,1.0,0.006266859460537261,0.08878970704557534,0.0,0.3583855853382363,0.0,0.0,0.011920189549260829,0.0014438118087127805,28.404894104809646,0.950301493520779,0.04969850647922103,0.00039279815627540383,0.0002191311214119196,0.051211281464369124,1.0,0.0,0.051204904217934104,1.0,0.0,0.0044497575741669635,1.0,0.0,0.0076404736393710666,1.0,0.0
case-003,inelastic-0.50,inelastic,0.5,energy,1.0,0.015667148651339655,0.22197426761393843,0.0,0.7466366361213256,0.0,0.0,0.011920189549260829,0.004696187097579241,23.282546089862514,0.838279125702179,0.161720874297821,0.001668691837822559,0.00023012790188658983,0.16657140342818166,1.0,0.0,0.16662275116703426,1.0,0.0,0.01890353614362542,1.0,0.0,0.008023899830928438,1.0,0.0
case-003,momentum-kick-0.025,momentum-kick,0.025,momentum,1.0,0.0009664690890053626,0.013693063937629145,0.0,0.005068792694658701,0.03077457223762936,0.0,0.011920189549260829,5.359802526072599e-05,42.70851210944703,0.9981553440590782,0.0018446559409217578,1.0348017864670114e-05,1.1075232578150462e-05,0.0019010951018668643,1.0,0.0,0.001900568798972532,1.0,0.0,0.00011722603615951392,1.0,0.0,0.0003861615913706513,1.0,0.0
case-003,momentum-kick-0.075,momentum-kick,0.075,momentum,1.0,0.002899407267011119,0.04107919181288748,0.0,0.020888823862430902,0.09232371671288818,0.0,0.011920189549260829,0.0004166963917668909,33.80180260143906,0.9856574896959028,0.014342510304097167,8.105621218337106e-05,5.843499457114376e-05,0.014780012239258795,1.0,0.0,0.014777242182782379,1.0,0.0,0.0009182336737939136,1.0,0.0,0.002037460643476311,1.0,0.0
case-003,momentum-kick-0.150,momentum-kick,0.15,momentum,1.0,0.005798814534024629,0.0821583836257749,0.0,0.05882498506022518,0.18464743342577628,0.0,0.011920189549260829,0.0012868164340034127,28.904834013359498,0.9557159252064533,0.04428407479354668,0.0002916778226189952,0.00013814689009450376,0.045642734182564114,1.0,0.0,0.045626357185028416,1.0,0.0,0.003304230378070829,1.0,0.0,0.004816785791663154,1.0,0.0
case-003,collision-dropout,collision-dropout,1.0,collision,1.0,0.06278260643393262,0.8878970704557537,0.0,0.0,0.0,1.0,3.0067578543960494e-14,0.011562976986169815,19.3693033873388,0.5544052803530984,0.44559471964690156,0.004234033266367483,0.00035964843118563294,0.4101330003199629,0.0,0.0,0.4591010184395871,0.0,0.0,0.0479646385689345,1.0,0.0,0.01253990916584392,1.0,0.0
case-003,time-reverse,time-reverse,1.0,initial-condition,1.0,0.022005581125437778,1.025255225280619,0.8107189203170472,3.36468380769286e-16,0.0,0.0,1.1461044647986345,0.00973193533718586,20.11800785355344,0.6649162461385321,0.33508375386146794,6.808789643208968e-16,0.0007129937293939292,0.34518687043430984,0.0,0.0,0.3452403852143125,0.0,0.0,7.713239688563132e-15,1.0,1.0,0.024860046164920793,1.0,0.0
case-003,random,random,1.0,state,1.0,0.2738787625653583,0.8010933199199564,0.3707590930095453,1.4321420705513614,2.113270377599188,1.0,387.74744200444826,0.028193237259984016,15.498550538400846,0.02941901291918586,0.9705809870808142,0.08827405757019006,0.028680305927991867,1.0,0.0,0.0,1.0,0.0,0.0,1.0,0.0,0.0,1.0,0.0,0.0
case-004,correct,correct,0.0,none,0.0,0.0,0.0,0.0,3.8045231784675084e-16,0.0,0.0,0.01521184249079,0.0,120.0,1.0,0.0,0.0,0.0,0.0,0.0,0.0,0.0,0.0,0.0,0.0,0.0,0.0,0.0,0.0,0.0
case-004,inelastic-0.95,inelastic,0.05,energy,1.0,0.0009863098156258506,0.01638698920712281,0.0,0.09706932013151663,0.0,0.0,0.01521184249079,4.816694126930088e-05,43.172509316810306,0.9978184278118793,0.0021815721881206507,3.1645770491122143e-06,1.7037791621987708e-05,0.0022411297005287224,1.0,0.0,0.0022456085785131424,1.0,0.0,5.381321898984242e-05,1.0,0.0,0.0007992454410027189,1.0,0.0
case-004,inelastic-0.80,inelastic,0.2,energy,1.0,0.003945239262505291,0.065547956828491,0.0,0.35840979740867657,0.0,0.0,0.01521184249079,0.0005921418778598309,32.275742233626964,0.9731899501711799,0.02681004982882007,2.893526898454916e-05,9.058755676960573e-05,0.027551401737945146,1.0,0.0,0.027597013847993537,1.0,0.0,0.0004920404661445566,1.0,0.0,0.0042494763033870024,1.0,0.0
case-004,inelastic-0.50,inelastic,0.5,energy,1.0,0.009863098156261829,0.16386989207122754,0.0,0.7466870779347436,0.0,0.0,0.01521184249079,0.0021608450915664434,26.653763660595168,0.9021437774292306,0.09785622257076942,0.00013650416700105705,0.00011261863983236253,0.10054061946503072,1.0,0.0,0.10072862775864204,1.0,0.0,0.0023212355135782408,1.0,0.0,0.005282957818417196,1.0,0.0
case-004,momentum-kick-0.025,momentum-kick,0.025,momentum,1.0,0.0007470403261044447,0.012411659670432796,0.0,0.006450619730033785,0.037786736174735415,0.0,0.01521184249079,2.822388159984257e-05,45.49383258424793,0.9987230587347128,0.0012769412652872125,2.546963629609456e-06,4.864782567892689e-06,0.0013132114610301762,1.0,0.0,0.0013144237331227861,1.0,0.0,4.331078353670935e-05,1.0,0.0,0.00022820770291849136,1.0,0.0
case-004,momentum-kick-0.075,momentum-kick,0.075,momentum,1.0,0.0022411209783122672,0.037234979011298366,0.0,0.027918883774534373,0.11336020852420618,0.0,0.01521184249079,0.00022658443776890635,36.44769921582864,0.9897463528344804,0.010253647165519575,2.455243922115614e-05,2.5561726943124086e-05,0.010542606604857153,1.0,0.0,0.010554625770038604,1.0,0.0,0.0004175110190202295,1.0,0.0,0.001199104565704556,1.0,0.0
case-004,momentum-kick-0.150,momentum-kick,0.15,momentum,1.0,0.004482241956626265,0.07446995802259676,0.0,0.08153884130237161,0.22672041704841242,0.0,0.01521184249079,0.0007242284482344985,31.40124419772246,0.9672155113456625,0.032784488654337474,9.37166230344645e-05,6.471863889601082e-05,0.03369717575030318,1.0,0.0,0.03374682229872443,1.0,0.0,0.0015936389223820473,1.0,0.0,0.0030359613636067747,1.0,0.0
case-004,collision-dropout,collision-dropout,1.0,collision,1.0,0.0395868219636444,0.6554795682849102,0.0,0.0,0.0,1.0,1.9154605160887588e-14,0.006324295420199633,21.98987851521938,0.6681750121810787,0.33182498781892134,0.0018974756188291564,0.00017821435176301748,0.2942592144658493,0.0,0.0,0.34156515345619115,0.0,0.0,0.03226632482612036,1.0,0.0,0.008360062813776168,1.0,0.0
case-004,time-reverse,time-reverse,1.0,initial-condition,1.0,0.004159133353088079,0.9269880953269812,0.6601624424108412,3.804523178467507e-16,0.0,1.0,0.9335791158672883,0.0007375708664767444,31.32196245937979,0.9666042292472302,0.03339577075276978,0.0,0.00010678879334591329,0.03431797684357566,1.0,0.0,0.03437604755728149,1.0,0.0,0.0,1.0,1.0,0.005009478817768596,1.0,0.0
case-004,random,random,1.0,state,1.0,0.2617929101952059,0.7394408464453464,0.5152248280113371,1.3158524350611518,2.198819521996619,1.0,365.26265469892235,0.021492259576916695,16.6771792279617,0.028516274387806045,0.971483725612194,0.05880668557867813,0.021317346021533012,1.0,0.0,0.0,1.0,0.0,0.0,1.0,0.0,0.0,1.0,0.0,0.0
case-005,correct,correct,0.0,none,0.0,0.0,0.0,0.0,6.208013838518043e-16,0.0,0.0,0.011931796572289885,0.0,120.0,1.0,0.0,2.714842239903703e-16,0.0,0.0,0.0,0.0,0.0,0.0,0.0,4.3989400636675954e-15,0.0,0.0,0.0,0.0,0.0
case-005,inelastic-0.95,inelastic,0.05,energy,1.0,0.0014074238578311224,0.022110983191291667,0.0,0.09749138179166923,0.0,0.0,0.011931796572289885,0.0001005428348435089,39.97648873837043,0.9959007056578167,0.004099294342183257,1.2988751761475355e-05,4.219931724946946e-05,0.004245472697513279,1.0,0.0,0.004246356487195973,1.0,0.0,0.00021046062883791603,1.0,0.0,0.0017660686409200189,1.0,0.0
case-005,inelastic-0.80,inelastic,0.2,energy,1.0,0.005629695431320945,0.0884439327651666,0.0,0.3599681789230849,0.0,0.0,0.011931796572289885,0.0011053367052227259,29.565054080006036,0.9549398439571801,0.04506015604281988,0.00016260284673492737,0.00018815117073245347,0.04667340851176853,1.0,0.0,0.04667668870652108,1.0,0.0,0.002634702549029313,1.0,0.0,0.007874247832461132,1.0,0.0
case-005,inelastic-0.50,inelastic,0.5,energy,1.0,0.01407423857830219,0.22110983191291675,0.0,0.7499337060897605,0.0,0.0,0.011931796572289885,0.003654794069007039,24.37137088531967,0.8510320083907614,0.14896799160923857,0.0006307860998245353,0.00020191264047753066,0.15432555148413532,1.0,0.0,0.15431221687231716,1.0,0.0,0.01022081580040982,1.0,0.0,0.008450174215963367,1.0,0.0
case-005,momentum-kick-0.025,momentum-kick,0.025,momentum,1.0,0.0008320613239430096,0.013071892909462387,0.0,0.0003179017140639682,0.029558421394048563,0.0,0.011931796572289885,3.695609848364256e-05,44.323138842176945,0.998493717310701,0.0015062826892989767,2.784924355097272e-06,8.029705895751249e-06,0.0015604901867260776,1.0,0.0,0.0015603205662585147,1.0,0.0,4.512496210592174e-05,1.0,0.0,0.0003360483700355403,1.0,0.0
case-005,momentum-kick-0.075,momentum-kick,0.075,momentum,1.0,0.002496183971824222,0.039215678728387174,0.0,0.006195906794041458,0.08867526418214569,0.0,0.011931796572289885,0.0002902041596826166,35.37296366831916,0.9881698430827317,0.011830156917268297,2.9382001209495284e-05,4.3048785300925374e-05,0.012254019279991235,1.0,0.0,0.012254563682644385,1.0,0.0,0.00047608535174317566,1.0,0.0,0.0018016194266891555,1.0,0.0
case-005,momentum-kick-0.150,momentum-kick,0.15,momentum,1.0,0.00499236794364604,0.07843135745677438,0.0,0.028118418543630178,0.17735052836429144,0.0,0.011931796572289885,0.0009241555235348642,30.342549364320934,0.9623306570585818,0.037669342941418216,0.00012725474662645536,0.00010687983012758195,0.03902294031722996,1.0,0.0,0.039020730256346704,1.0,0.0,0.0020619467127741434,1.0,0.0,0.004472989816856675,1.0,0.0
case-005,collision-dropout,collision-dropout,1.0,collision,1.0,0.05640534260711218,0.8844393276516672,0.0,0.0,0.0,1.0,2.296773961065586e-14,0.008930999785661697,20.490999210564034,0.594568406709437,0.405431593290563,0.002070992647087908,0.00031660081003792584,0.37711604024830797,0.0,0.0,0.4199764477919058,0.0,0.0,0.03355691315293203,1.0,0.0,0.013249948073624021,1.0,0.0
case-005,time-reverse,time-reverse,1.0,initial-condition,1.0,0.010621539018929458,1.1387161178418237,0.8457809907898388,6.208013838518047e-16,0.0,0.0,1.1932128570515406,0.0036132263485342264,24.421048314460094,0.8527254020163474,0.1472745979836526,6.357761539454998e-16,0.0006491110543720424,0.15257033319692603,1.0,0.0,0.1525580727667359,1.0,0.0,1.0301671139515486e-14,1.0,1.0,0.02716571623242094,1.0,0.0
case-005,random,random,1.0,state,1.0,0.2654011072399403,0.8286393774795171,0.5357980315520237,1.0293763781877165,2.348875374383269,1.0,365.45859542568155,0.02368236519396305,16.255749261302192,0.034632548034097425,0.9653674519659026,0.06171582700856843,0.023894494399428368,1.0,0.0,0.0,1.0,0.0,0.0,1.0,0.0,0.0,1.0,0.0,0.0
case-006,correct,correct,0.0,none,0.0,0.0,0.0,0.0,0.0,0.0,0.0,0.027070225917692013,0.0,120.0,1.0,0.0,0.0,0.0,0.0,0.0,0.0,0.0,0.0,0.0,0.0,0.0,0.0,0.0,0.0,0.0
case-006,inelastic-0.95,inelastic,0.05,energy,1.0,0.0012784233281621339,0.018725573840021218,0.0,0.09677462884193891,0.0,0.0,0.027070225917692013,7.723971066297963e-05,41.12159361740218,0.996277863430759,0.00372213656924103,4.1655248478158005e-06,3.105855648755096e-05,0.003922708329490347,1.0,0.0,0.00391029189588846,1.0,0.0,7.313361332843073e-05,1.0,0.0,0.0015522183507440568,1.0,0.0
case-006,inelastic-0.80,inelastic,0.2,energy,1.0,0.005113693312650211,0.07490229536008512,0.0,0.35732170649331413,0.0,0.0,0.027070225917692013,0.000875558762345463,30.577147013155688,0.9578197390050592,0.042180260994940766,5.4658928311780274e-05,0.000146042337291874,0.04446626768187733,1.0,0.0,0.04431248818164908,1.0,0.0,0.0009596401591977538,1.0,0.0,0.007298780805246462,1.0,0.0
case-006,inelastic-0.50,inelastic,0.5,energy,1.0,0.012784233281621173,0.1872557384002127,0.0,0.7444202218610706,0.0,0.0,0.027070225917692013,0.002958045806735754,25.289951050319797,0.8574601280503648,0.14253987194963524,0.0002829751916150389,0.00016253469220828265,0.15022778860120486,1.0,0.0,0.14974531314397466,1.0,0.0,0.004968161036409207,1.0,0.0,0.008123021814595833,1.0,0.0
case-006,momentum-kick-0.025,momentum-kick,0.025,momentum,1.0,0.0008796583587516961,0.012884705080055172,0.0,0.004738001680554153,0.034275815829866954,0.0,0.027070225917692013,3.766778172575869e-05,44.24029954859883,0.9981850080966126,0.0018149919033874085,3.828739764508756e-06,7.454450496879872e-06,0.0019130020019595684,1.0,0.0,0.0019067403892614595,1.0,0.0,6.722071856553533e-05,1.0,0.0,0.0003725522421046196,1.0,0.0
case-006,momentum-kick-0.075,momentum-kick,0.075,momentum,1.0,0.0026389750762596097,0.03865411524016555,0.0,0.007165015736844429,0.10282744748960095,0.0,0.027070225917692013,0.0002952470094896853,35.29814492592365,0.9857778993267027,0.014222100673297322,3.9494942657742824e-05,3.916118657798506e-05,0.014994461960580652,1.0,0.0,0.014941032917726641,1.0,0.0,0.0006934079066349705,1.0,0.0,0.0019571647660967468,1.0,0.0
case-006,momentum-kick-0.150,momentum-kick,0.15,momentum,1.0,0.005277950152518885,0.07730823048033113,0.0,0.006816936440764199,0.20565489497920195,0.0,0.027070225917692013,0.0009164076764136553,30.379112815405534,0.955845473190152,0.044154526809847994,0.00011196238145539912,9.188162221107632e-05,0.04654082718100727,1.0,0.0,0.046386553835273264,1.0,0.0,0.0019657099193593638,1.0,0.0,0.004591982249700856,1.0,0.0
case-006,collision-dropout,collision-dropout,1.0,collision,1.0,0.05139177500566732,0.7490229536008506,0.0,0.0,0.0,1.0,3.651566851510659e-14,0.007293941918760538,21.370376992704184,0.6094770412950954,0.3905229587049046,0.0019280785368192047,0.000264995003817603,0.37043130371608535,0.0,0.0,0.4102640330828996,0.0,0.0,0.0338510404643294,1.0,0.0,0.013243696884175737,1.0,0.0
case-006,time-reverse,time-reverse,1.0,initial-condition,1.0,0.009012016726929284,0.995018815980182,0.7267101210076882,0.0,0.0,0.0,1.029553006532079,0.002616784069687128,25.82232112748878,0.8739383502097186,0.12606164979028145,0.0,0.0004444960504770279,0.13289641530932378,1.0,0.0,0.13243411099710947,1.0,0.0,0.0,1.0,1.0,0.022214648857240043,1.0,0.0
case-006,random,random,1.0,state,1.0,0.27472979507847706,0.7589304332630474,0.5526085443209997,2.5242705365148024,2.6734851724702198,0.0,367.1845006638146,0.01969040371477604,17.05745379377267,0.04811797473361753,0.9518820252663824,0.05695773336275797,0.02000914141535759,1.0,0.0,0.0,1.0,0.0,0.0,1.0,0.0,0.0,1.0,0.0,0.0
case-007,correct,correct,0.0,none,0.0,0.0,0.0,0.0,0.0,0.0,0.0,0.029717260876538257,0.0,120.0,1.0,0.0,6.036837696399289e-16,0.0,0.0,0.0,0.0,0.0,0.0,0.0,1.8361968814114586e-14,0.0,0.0,0.0,0.0,0.0
case-007,inelastic-0.95,inelastic,0.05,energy,1.0,0.0016089187216257628,0.021899680543993792,0.0,0.09745094295295274,0.0,0.0,0.029717260876538257,0.00011301097401883453,39.468793819642286,0.9939261133169364,0.006073886683063634,1.3737145108501814e-05,4.986275598639622e-05,0.006470319742107778,1.0,0.0,0.006468409934323778,1.0,0.0,0.0004178363619544184,1.0,0.0,0.0027961667858029207,1.0,0.0
case-007,inelastic-0.80,inelastic,0.2,energy,1.0,0.0064356748865023765,0.08759872217597538,0.0,0.3598188662878263,0.0,0.0,0.029717260876538257,0.0011806748807430267,29.278696764237985,0.9365568351572019,0.0634431648427981,0.00017488372726953,0.0002036323130596429,0.06759824925152111,1.0,0.0,0.06756405233544871,1.0,0.0,0.005319357100050209,1.0,0.0,0.011419142384527228,1.0,0.0
case-007,inelastic-0.50,inelastic,0.5,energy,1.0,0.016089187216255605,0.2189968054399383,0.0,0.7496226380996376,0.0,0.0,0.029717260876538257,0.0037254909984767437,24.288164816065112,0.7997979143993913,0.2002020856006087,0.0007142467963085785,0.00021154472779016942,0.21329891336456858,1.0,0.0,0.21320601238450032,1.0,0.0,0.0217249130405177,1.0,0.0,0.011862848931173627,1.0,0.0
case-007,momentum-kick-0.025,momentum-kick,0.025,momentum,1.0,0.000983951947495593,0.0133929906036485,0.0,0.0023059932693554473,0.030570356532294698,0.0,0.029717260876538257,4.4199550757184625e-05,43.545821447836516,0.9976248621865661,0.002375137813433903,1.9359438127235055e-06,1.0007470336859114e-05,0.0025305969472384504,1.0,0.0,0.0025294125210868637,1.0,0.0,5.888470371881918e-05,1.0,0.0,0.0005611915268676234,1.0,0.0
case-007,momentum-kick-0.075,momentum-kick,0.075,momentum,1.0,0.002951855842483722,0.04017897181094552,0.0,0.012525259999136232,0.09171106959688412,0.0,0.029717260876538257,0.00034137588227167726,34.667671644348516,0.9816556844176979,0.018344315582302095,1.96337495532487e-05,5.35545805178117e-05,0.01954510285146088,1.0,0.0,0.019535852303896234,1.0,0.0,0.0005971906404174489,1.0,0.0,0.0030031941939263856,1.0,0.0
case-007,momentum-kick-0.150,momentum-kick,0.15,momentum,1.0,0.005903711684966054,0.080357943621891,0.0,0.04187236057148147,0.1834221391937682,0.0,0.029717260876538257,0.0010419709142297506,29.821444038443854,0.9440029308005128,0.055997069199487215,8.321940156661572e-05,0.00012593732390087098,0.05965690531894041,1.0,0.0,0.05963430297653849,1.0,0.0,0.0025312458826032462,1.0,0.0,0.007062220192574045,1.0,0.0
case-007,collision-dropout,collision-dropout,1.0,collision,1.0,0.0646469137431439,0.8759872217597537,0.0,0.0,0.0,1.0,2.9179892169978607e-14,0.007683970499783754,21.144143111458106,0.5543150385963043,0.44568496140369573,0.0012058165257059312,0.0003610412240959704,0.43993732869020835,0.0,0.0,0.4746339835349497,0.0,0.0,0.036676761168786355,1.0,0.0,0.02024620298561528,1.0,0.0
case-007,time-reverse,time-reverse,1.0,initial-condition,1.0,0.018067798661602585,1.0672584123966105,0.8176921738134787,0.0,0.0,0.0,1.1542997959582615,0.006156229414045811,22.106852044029843,0.6690657680228229,0.3309342319771771,0.0,0.0006700254161842167,0.3524681833819664,0.0,0.0,0.35242973493362345,0.0,0.0,0.0,1.0,1.0,0.0375731901960899,1.0,0.0
case-007,random,random,1.0,state,1.0,0.265981607918963,0.8172682259529129,0.34481976303127776,5.43762595263349,2.7789474157925165,1.0,364.99579229194967,0.01746605709195137,17.578051245806762,0.06099230804260835,0.9390076919573916,0.03287685409725158,0.017832539975643158,1.0,0.0,0.0,1.0,0.0,0.0,1.0,0.0,0.0,1.0,0.0,0.0
case-008,correct,correct,0.0,none,0.0,0.0,0.0,0.0,4.1679897104504676e-16,0.0,0.0,0.028012984191564613,0.0,120.0,1.0,0.0,0.0,0.0,0.0,0.0,0.0,0.0,0.0,0.0,0.0,0.0,0.0,0.0,0.0,0.0
case-008,inelastic-0.95,inelastic,0.05,energy,1.0,0.001089960711349472,0.018284482947813683,0.0,0.09695724439758253,0.0,0.0,0.028012984191564613,6.58297140034847e-05,41.81578031691732,0.9976140567611781,0.002385943238821908,5.924222933114277e-06,2.448743543936871e-05,0.002472099989133606,1.0,0.0,0.0024736841041379212,1.0,0.0,6.786280767186717e-05,1.0,0.0,0.0009015649256197843,1.0,0.0
case-008,inelastic-0.80,inelastic,0.2,energy,1.0,0.004359842845393058,0.07313793179125457,0.0,0.3579959793141484,0.0,0.0,0.028012984191564613,0.0007862934144213796,31.04415361739857,0.9715365432903047,0.0284634567096953,7.341452269277529e-05,0.00012480466102715582,0.02952763764314734,1.0,0.0,0.02951017411728404,1.0,0.0,0.0008409736922581866,1.0,0.0,0.004594989345231772,1.0,0.0
case-008,inelastic-0.50,inelastic,0.5,energy,1.0,0.010899607113483225,0.1828448294781363,0.0,0.7458249569044749,0.0,0.0,0.028012984191564613,0.0027832959312945604,25.554406152629554,0.899200385614615,0.10079961438538498,0.000301691091198254,0.000147838014527224,0.10452097423884704,1.0,0.0,0.10450642737480928,1.0,0.0,0.0034559139197586166,1.0,0.0,0.005443018682010639,1.0,0.0
case-008,momentum-kick-0.025,momentum-kick,0.025,momentum,1.0,0.0007487489565924537,0.01256053304168505,0.0,0.003937899684582165,0.03425178545243004,0.0,0.028012984191564613,3.215772449038923e-05,44.92714689905896,0.9988358313794388,0.0011641686205612345,4.572697311904395e-06,6.337334070849465e-06,0.0012076174348721084,1.0,0.0,0.0012069798494621481,1.0,0.0,5.238089142204231e-05,1.0,0.0,0.0002333244791746317,1.0,0.0
case-008,momentum-kick-0.075,momentum-kick,0.075,momentum,1.0,0.002246246869779787,0.0376815991250552,0.0,0.004774590213670017,0.10275535635729023,0.0,0.028012984191564613,0.00025446925428695977,35.94364682875901,0.9907808904261891,0.00921910957381089,3.686243104160424e-05,3.2669471693225205e-05,0.009556071301241413,1.0,0.0,0.009558133838214059,1.0,0.0,0.00042226433683156594,1.0,0.0,0.0012028066348584337,1.0,0.0
case-008,momentum-kick-0.150,momentum-kick,0.15,momentum,1.0,0.004492493739560735,0.07536319825011033,0.0,0.011568146092888153,0.20551071271458027,0.0,0.028012984191564613,0.0008231450337916613,30.845236376600738,0.9701788415072897,0.029821158492710276,9.477795134210914e-05,7.720411667833105e-05,0.03091152467993451,1.0,0.0,0.03091780413301827,1.0,0.0,0.0010856947748389312,1.0,0.0,0.00284245869204975,1.0,0.0
case-008,collision-dropout,collision-dropout,1.0,collision,1.0,0.04384486924061865,0.7313793179125451,0.0,0.0,0.0,1.0,3.2642109992701906e-14,0.00812170933932066,20.903525571493464,0.657623809331588,0.34237619066841196,0.0027425105360722618,0.00022603949764743447,0.30499414851503226,0.0,0.0,0.35496675977502645,0.0,0.0,0.03141584426325827,1.0,0.0,0.00832219786299093,1.0,0.0
case-008,time-reverse,time-reverse,1.0,initial-condition,1.0,0.004669826445674896,1.024332823019287,0.7278762690899582,4.1679897104504696e-16,0.0,0.0,1.0300931995433737,0.000997538329102099,30.010704081246917,0.9638689037154498,0.036131096284550246,1.7780915628762273e-17,0.0001182048799819313,0.03746050746024988,1.0,0.0,0.03745978407612904,1.0,0.0,2.036828916075355e-16,1.0,1.0,0.004352002237746493,1.0,0.0
case-008,random,random,1.0,state,1.0,0.2747856420244498,0.785904303632948,0.6619263122488065,0.9693113692962531,2.0142068598418974,0.0,373.89202839082503,0.026629066094756126,15.74644064391181,0.035469713036212776,0.9645302869637872,0.08729705027471461,0.02716103382408619,1.0,0.0,0.0,1.0,0.0,0.0,1.0,0.0,0.0,1.0,0.0,0.0
case-009,correct,correct,0.0,none,0.0,0.0,0.0,0.0,4.264149728954812e-16,0.0,0.0,0.042828467662124815,0.0,120.0,1.0,0.0,7.788908407135864e-16,0.0,0.0,0.0,0.0,0.0,0.0,0.0,1.0726090277945375e-14,0.0,0.0,0.0,0.0,0.0
case-009,inelastic-0.95,inelastic,0.05,energy,1.0,0.0015683332044671323,0.024199906730608286,0.0,0.0972976506956435,0.0,0.0,0.042828467662124815,0.00012378454266581684,39.07333583539336,0.9949866687094019,0.005013331290598111,1.713902563179725e-05,4.922152220387943e-05,0.005199111354334754,1.0,0.0,0.005199777951298794,1.0,0.0,0.00023602118113785436,1.0,0.0,0.0020432424125239666,1.0,0.0
case-009,inelastic-0.80,inelastic,0.2,energy,1.0,0.006273332817869797,0.09679962692243342,0.0,0.3592528641069935,0.0,0.0,0.042828467662124815,0.0013226551236584783,28.785533813735867,0.9464326088718024,0.05356739112819764,0.00020838610385947968,0.00020077454973943532,0.05555323082500525,1.0,0.0,0.055559571700231666,1.0,0.0,0.002869680892149553,1.0,0.0,0.008334384168043553,1.0,0.0
case-009,inelastic-0.50,inelastic,0.5,energy,1.0,0.01568333204467392,0.24199906730608353,0.0,0.7484434668895704,0.0,0.0,0.042828467662124815,0.004294465761631727,23.670908553965088,0.8261100670071014,0.17388993299289857,0.000880770030593476,0.00020938081433996558,0.18037313239003536,1.0,0.0,0.18035692977741058,1.0,0.0,0.012129066575746604,1.0,0.0,0.008691640182442496,1.0,0.0
case-009,momentum-kick-0.025,momentum-kick,0.025,momentum,1.0,0.0008881983317920414,0.013705197802604348,0.0,0.0033774917318073706,0.028287234407629987,0.0,0.042828467662124815,4.153179907007143e-05,43.816192557602974,0.9983183569018692,0.0016816430981307917,8.059151685176503e-06,8.66976461111335e-06,0.0017443894323227703,1.0,0.0,0.0017441836967792067,1.0,0.0,0.00011098241758712071,1.0,0.0,0.0003598919734065025,1.0,0.0
case-009,momentum-kick-0.075,momentum-kick,0.075,momentum,1.0,0.002664594995373401,0.041115593407813004,0.0,0.014933480978014665,0.08486170322288987,0.0,0.042828467662124815,0.00032894406467676163,34.8287794541632,0.9866748602661611,0.013325139733838864,5.658291239430454e-05,4.7101613745326176e-05,0.013816077393597338,1.0,0.0,0.013820703992958042,1.0,0.0,0.0007792021613379825,1.0,0.0,0.0019552425563788647,1.0,0.0
case-009,momentum-kick-0.150,momentum-kick,0.15,momentum,1.0,0.005329189990744744,0.08223118681562597,0.0,0.04426997930380855,0.16972340644577968,0.0,0.042828467662124815,0.0010423525236546993,29.81985377786973,0.957780000361066,0.04221999963893397,0.00023472369491702155,0.00011365844693500549,0.04378015804108292,1.0,0.0,0.043790168752278986,1.0,0.0,0.003232375334836781,1.0,0.0,0.0047180938118347,1.0,0.0
case-009,collision-dropout,collision-dropout,1.0,collision,1.0,0.06312609491231465,0.9679962692243346,0.0,0.0,0.0,1.0,2.9312663950857345e-14,0.010128638707101345,19.944489200613628,0.5469904797242876,0.4530095202757124,0.0032331763732929477,0.00033635104773566127,0.4254159636733638,0.0,0.0,0.469857022949119,0.0,0.0,0.044524007539603935,1.0,0.0,0.013962321672697283,1.0,0.0
case-009,time-reverse,time-reverse,1.0,initial-condition,1.0,0.022248619425939888,1.115270182689722,0.8830401615897704,4.26414972895481e-16,0.0,0.0,1.2472651746701209,0.008961017243564129,20.476426869684154,0.6371216725179237,0.36287832748207627,6.25367813089639e-16,0.0006371392519213259,0.37637434766941585,0.0,0.0,0.3763738354543033,0.0,0.0,8.611927717593112e-15,1.0,1.0,0.0264483885081238,1.0,0.0
case-009,random,random,1.0,state,1.0,0.2726800414476997,0.8945978301540685,0.6321670170890331,1.629561250131647,2.195242672439478,1.0,372.99070900189366,0.023808788508176804,16.23262702772343,0.03585665819712793,0.9641433418028721,0.07261647259440987,0.024089908227324486,1.0,0.0,0.0,1.0,0.0,0.0,1.0,0.0,0.0,1.0,0.0,0.0
case-010,correct,correct,0.0,none,0.0,0.0,0.0,0.0,1.4455161785780158e-16,0.0,0.0,0.0034093773536060996,0.0,120.0,1.0,0.0,3.3480163086352377e-16,0.0,0.0,0.0,0.0,0.0,0.0,0.0,6.432731450248638e-15,0.0,0.0,0.0,0.0,0.0
case-010,inelastic-0.95,inelastic,0.05,energy,1.0,0.001276971282610857,0.02206270342842859,0.0,0.09691000152916804,0.0,0.0,0.0034093773536060996,8.048929157666862e-05,40.94261895017364,0.9964336716454835,0.0035663283545165347,6.3736567202997245e-06,3.6523597373161465e-05,0.0036814004416587396,1.0,0.0,0.0036809523218409423,1.0,0.0,0.00012246064014686235,1.0,0.0,0.0016632733021635197,1.0,0.0
case-010,inelastic-0.80,inelastic,0.2,energy,1.0,0.005107885130441868,0.08825081371371445,0.0,0.3578215441076982,0.0,0.0,0.0034093773536060996,0.0009025110630318522,30.445474657832587,0.9600002943323034,0.03999970566769662,8.874106692504519e-05,0.00016498529294040054,0.04127884046392143,1.0,0.0,0.041285320591413176,1.0,0.0,0.0017050318741429718,1.0,0.0,0.007513379095539031,1.0,0.0
case-010,inelastic-0.50,inelastic,0.5,energy,1.0,0.0127697128261057,0.22062703428428604,0.0,0.7454615502243711,0.0,0.0,0.0034093773536060996,0.003034218680113554,25.17953122249297,0.8654229928616285,0.1345770071383715,0.0003612917228429822,0.00018254044698551297,0.13877838617102609,1.0,0.0,0.13890239418505482,1.0,0.0,0.006941700439905991,1.0,0.0,0.008312835368706134,1.0,0.0
case-010,momentum-kick-0.025,momentum-kick,0.025,momentum,1.0,0.0007307612434641193,0.012625631297347704,0.0,0.005251877989363885,0.028526360886033948,0.0,0.0034093773536060996,2.731193308136426e-05,45.636475603194796,0.9987896841668,0.0012103158331999708,2.2738650890426204e-06,6.21231038167025e-06,0.001249186823970427,1.0,0.0,0.0012492161218795681,1.0,0.0,4.3689044865702585e-05,1.0,0.0,0.0002829066889828928,1.0,0.0
case-010,momentum-kick-0.075,momentum-kick,0.075,momentum,1.0,0.0021922837303929407,0.03787689389204308,0.0,0.020638153560492745,0.08557908265810178,0.0,0.0034093773536060996,0.0002168041974073276,36.639323139547095,0.9903845140366277,0.00961548596337225,2.0888002750039502e-05,3.57176068064291e-05,0.009916139805113673,1.0,0.0,0.009924533543771867,1.0,0.0,0.00040133290831498834,1.0,0.0,0.001626568741609288,1.0,0.0
case-010,momentum-kick-0.150,momentum-kick,0.15,momentum,1.0,0.004384567460786622,0.07575378778408619,0.0,0.05592386589818977,0.17115816531620365,0.0,0.0034093773536060996,0.0007180761313065886,31.43829508886421,0.9681974879884736,0.031802512011526396,7.964974584138973e-05,9.107099322136492e-05,0.03284319858149865,1.0,0.0,0.03282466413417845,1.0,0.0,0.0015303552248437987,1.0,0.0,0.004147344799554706,1.0,0.0
case-010,collision-dropout,collision-dropout,1.0,collision,1.0,0.05110837879409265,0.8825081371371442,0.0,0.0,0.0,1.0,3.400437621750088e-14,0.007558275014162064,21.215773099633157,0.6259994838095609,0.37400051619043906,0.001220523058404815,0.0002896734222304076,0.3456986194096416,0.0,0.0,0.38602112076904804,0.0,0.0,0.023450593843596775,1.0,0.0,0.013191637850444101,1.0,0.0
case-010,time-reverse,time-reverse,1.0,initial-condition,1.0,0.005826446115878599,1.2230913550798395,0.8737535819294007,1.4455161785780155e-16,0.0,0.0,1.236265963440081,0.001310858759097755,28.824440996516007,0.941888691690585,0.05811130830941502,0.0,0.00020935082284267992,0.05995575212757311,1.0,0.0,0.05997904118274994,1.0,0.0,0.0,1.0,1.0,0.009533771574102026,1.0,0.0
case-010,random,random,1.0,state,1.0,0.27095571235821736,0.8379605719402929,0.3936554131505969,2.0875277194437314,2.682764938410346,0.0,380.521323857134,0.021863769739866257,16.602749551002507,0.031139758764134457,0.9688602412358656,0.05204657359830916,0.021958867087960243,1.0,0.0,0.0,1.0,0.0,0.0,1.0,0.0,0.0,1.0,0.0,0.0
case-011,correct,correct,0.0,none,0.0,0.0,0.0,0.0,1.571977059353811e-16,0.0,0.0,0.013723894218391782,0.0,120.0,1.0,0.0,6.080205783298709e-16,0.0,0.0,0.0,0.0,0.0,0.0,0.0,6.8181462078050605e-15,0.0,0.0,0.0,0.0,0.0
case-011,inelastic-0.95,inelastic,0.05,energy,1.0,0.0016394703561834556,0.023039771165469815,0.0,0.09739405197124543,0.0,0.0,0.013723894218391782,0.00014445038686972111,38.402812906826426,0.9949149161256118,0.005085083874388219,2.4829237762492504e-05,6.0677492001559585e-05,0.005294477296980448,1.0,0.0,0.005279091627218835,1.0,0.0,0.0002784270456076299,1.0,0.0,0.002214500381858108,1.0,0.0
case-011,inelastic-0.80,inelastic,0.2,energy,1.0,0.006557881424730232,0.09215908466187893,0.0,0.3596088072784429,0.0,0.0,0.013723894218391782,0.0015222899382933974,28.175026231181377,0.9464082497517627,0.05359175024823726,0.0003244588420527146,0.0002390137960901484,0.055795831997218374,1.0,0.0,0.05563639991238287,1.0,0.0,0.0036383765654891083,1.0,0.0,0.008723105145766163,1.0,0.0
case-011,inelastic-0.50,inelastic,0.5,energy,1.0,0.0163947035618245,0.23039771165469736,0.0,0.7491850151634226,0.0,0.0,0.013723894218391782,0.004889650270342827,23.107222024493673,0.827823580174431,0.17217641982556897,0.0014230899128089766,0.0002462536795064807,0.17921822784630376,1.0,0.0,0.17874534988177146,1.0,0.0,0.015958070233471695,1.0,0.0,0.008987333676992601,1.0,0.0
case-011,momentum-kick-0.025,momentum-kick,0.025,momentum,1.0,0.0009759501842486111,0.013715203101540431,0.0,0.00107630182720103,0.029748015267284576,0.0,0.013723894218391782,5.137765037943609e-05,42.89225760921724,0.9981913150443288,0.0018086849556712137,9.675006630260365e-06,1.1457966138550546e-05,0.0018831227067010515,1.0,0.0,0.001877690484881001,1.0,0.0,0.00010849239666820954,1.0,0.0,0.0004181726955439305,1.0,0.0
case-011,momentum-kick-0.075,momentum-kick,0.075,momentum,1.0,0.0029278505527467378,0.04114560930462134,0.0,0.0020807609924525473,0.08924404580185383,0.0,0.013723894218391782,0.00041780719766393304,33.79024082596966,0.9852920000233393,0.014707999976660724,8.094266912421835e-05,5.857868745806627e-05,0.015313705767654109,1.0,0.0,0.015269144314608935,1.0,0.0,0.000907664924853081,1.0,0.0,0.002137901905063912,1.0,0.0
case-011,momentum-kick-0.150,momentum-kick,0.15,momentum,1.0,0.005855701105495099,0.08229121860924273,0.0,0.020090521407072164,0.17848809160370774,0.0,0.013723894218391782,0.0012830612249672413,28.91752619516719,0.9548276981676268,0.045172301832373196,0.00031267682426312175,0.00014069258759263903,0.047027485861645145,1.0,0.0,0.04689572999701471,1.0,0.0,0.003506256826823254,1.0,0.0,0.00513475060802606,1.0,0.0
case-011,collision-dropout,collision-dropout,1.0,collision,1.0,0.06571061828225143,0.9215908466187894,0.0,0.0,0.0,1.0,3.0792548537136876e-14,0.01160302385687828,19.354288148058803,0.5463757320689209,0.45362426793107913,0.00478943642447811,0.00038315585698001087,0.4252805943813058,0.0,0.0,0.4709310866630179,0.0,0.0,0.053707191761135455,1.0,0.0,0.013983748563167309,1.0,0.0
case-011,time-reverse,time-reverse,1.0,initial-condition,1.0,0.022965438414174005,1.0598617869635556,0.8401196023314028,1.5719770593538113e-16,0.0,0.0,1.1856743231231786,0.010065332986414433,19.971718529889174,0.6455876616326196,0.3544123383673804,0.0,0.0007517127669416368,0.36892027870567173,0.0,0.0,0.36793399170498076,0.0,0.0,0.0,1.0,1.0,0.027434690435080653,1.0,0.0
case-011,random,random,1.0,state,1.0,0.270684548367856,0.865470136134617,0.4071158124107529,3.276296792680447,2.879799194458236,1.0,373.1260526920171,0.02728321962058544,15.641043810482513,0.036750215099567114,0.9632497849004329,0.08917681724598989,0.027400081977248192,1.0,0.0,0.0,1.0,0.0,0.0,1.0,0.0,0.0,1.0,0.0,0.0
case-012,correct,correct,0.0,none,0.0,0.0,0.0,0.0,5.626536057662458e-16,0.0,0.0,0.034734561140846894,0.0,120.0,1.0,0.0,0.0,0.0,0.0,0.0,0.0,0.0,0.0,0.0,0.0,0.0,0.0,0.0,0.0,0.0
case-012,inelastic-0.95,inelastic,0.05,energy,1.0,0.0013980554421986538,0.019971201689948953,0.0,0.09735566515757352,0.0,0.0,0.034734561140846894,9.26834691199474e-05,40.32997719039877,0.9956498153996082,0.0043501846003918265,5.243403151033218e-06,4.05518185289111e-05,0.004565078470078032,1.0,0.0,0.004565918261630469,1.0,0.0,9.313516287435218e-05,1.0,0.0,0.0019529471694517866,1.0,0.0
case-012,inelastic-0.80,inelastic,0.2,energy,1.0,0.005592221768790433,0.0798848067597959,0.0,0.3594670713510424,0.0,0.0,0.034734561140846894,0.001017024740576744,29.926684821163235,0.9522835353982527,0.04771646460174728,7.033190801218527e-05,0.00017673842376098037,0.05009305101360696,1.0,0.0,0.05008281190778386,1.0,0.0,0.0012492599785481064,1.0,0.0,0.008511598664096835,1.0,0.0
case-012,inelastic-0.50,inelastic,0.5,energy,1.0,0.013980554421973697,0.1997120168994897,0.0,0.748889731981339,0.0,0.0,0.034734561140846894,0.003343373304232955,24.75815129564436,0.8430677563515682,0.15693224364843184,0.00034492806013666885,0.00019073775911238045,0.1646761999039444,1.0,0.0,0.1647148024588376,1.0,0.0,0.006126732989133737,1.0,0.0,0.009185796846583555,1.0,0.0
case-012,momentum-kick-0.025,momentum-kick,0.025,momentum,1.0,0.0009092240261041326,0.012988252009623408,0.0,0.0035562113918924223,0.03249337476873508,0.0,0.034734561140846894,4.048113260068931e-05,43.92747345097397,0.9980993448139812,0.0019006551860187848,4.854682743580304e-06,8.867296855896711e-06,0.0019938781816703495,1.0,0.0,0.0019949121750199215,1.0,0.0,8.623057487722713e-05,1.0,0.0,0.0004270428040869717,1.0,0.0
case-012,momentum-kick-0.075,momentum-kick,0.075,momentum,1.0,0.0027276720783129624,0.03896475602887027,0.0,0.01700355059884521,0.09748012430620537,0.0,0.034734561140846894,0.00031484701321460307,35.0190042226209,0.9852165545773488,0.014783445422651198,3.9222591482840786e-05,4.5786306145600975e-05,0.015507634047817716,1.0,0.0,0.015516583691418673,1.0,0.0,0.0006966854046667626,1.0,0.0,0.002205036425751273,1.0,0.0
case-012,momentum-kick-0.150,momentum-kick,0.15,momentum,1.0,0.00545534415662762,0.07792951205774051,0.0,0.0530118504671963,0.19496024861241062,0.0,0.034734561140846894,0.0009745395509526134,30.112005306747164,0.954233036910879,0.04576696308912098,0.00016210309584257284,0.00011277712474111468,0.048000463993592625,1.0,0.0,0.04803663102691391,1.0,0.0,0.002879331952714673,1.0,0.0,0.005431267315053875,1.0,0.0
case-012,collision-dropout,collision-dropout,1.0,collision,1.0,0.05625338423939701,0.798848067597959,0.0,0.0,0.0,1.0,2.781175156312089e-14,0.007843200117349625,21.055067039301207,0.5946320496782412,0.40536795032175876,0.0021916378123098736,0.0003116447478532791,0.3863129459028884,0.0,0.0,0.4254708930943115,0.0,0.0,0.038928638277765694,1.0,0.0,0.015008592716024864,1.0,0.0
case-012,time-reverse,time-reverse,1.0,initial-condition,1.0,0.009885119051554687,1.0430759717307057,0.7688561214683626,5.626536057662455e-16,0.0,0.0,1.0862168428514813,0.0030682857614010572,25.131041953031517,0.8560344198192172,0.14396558018078276,0.0,0.0006051643285900354,0.1511268989218743,1.0,0.0,0.15110509828351987,1.0,0.0,0.0,1.0,1.0,0.0291442900823426,1.0,0.0
case-012,random,random,1.0,state,1.0,0.2660350811157706,0.8322129297732905,0.5073921981077456,1.6808985285850715,2.1054547449407597,0.0,373.56791645559497,0.02030271105468273,16.924459661520324,0.047248691035832256,0.9527513089641677,0.0562988562988508,0.020764421671628952,1.0,0.0,0.0,1.0,0.0,0.0,1.0,0.0,0.0,1.0,0.0,0.0
case-013,correct,correct,0.0,none,0.0,0.0,0.0,0.0,1.521875251245332e-16,0.0,0.0,0.030298717264214407,0.0,120.0,1.0,0.0,0.0,0.0,0.0,0.0,0.0,0.0,0.0,0.0,0.0,0.0,0.0,0.0,0.0,0.0
case-013,inelastic-0.95,inelastic,0.05,energy,1.0,0.0013244924421204624,0.02139015791667886,0.0,0.09693518132352591,0.0,0.0,0.030298717264214407,7.944810204207897e-05,40.999164733149726,0.9959173896915233,0.004082610308476675,6.1759095065236705e-06,3.681222733575851e-05,0.004257105535026918,1.0,0.0,0.00425367275393944,1.0,0.0,0.00017973659023975277,1.0,0.0,0.0019404622590796178,1.0,0.0
case-013,inelastic-0.80,inelastic,0.2,energy,1.0,0.00529796976847804,0.08556063166671558,0.0,0.35791451565609506,0.0,0.0,0.030298717264214407,0.00087927927961573,30.558731609537855,0.9548179876766003,0.04518201232339969,7.951275473200292e-05,0.0001711723889457062,0.04711484090713787,1.0,0.0,0.04707515052052863,1.0,0.0,0.0023140480606142115,1.0,0.0,0.009022913976818623,1.0,0.0
case-013,inelastic-0.50,inelastic,0.5,energy,1.0,0.01324492442119587,0.21390157916678898,0.0,0.745655240950198,0.0,0.0,0.030298717264214407,0.0029035552870482206,25.37069900083089,0.8508710889856177,0.1491289110143823,0.00034580154637131816,0.0001858629402704537,0.15558258745064668,1.0,0.0,0.15537745159988775,1.0,0.0,0.01006381178007247,1.0,0.0,0.009797288755903346,1.0,0.0
case-013,momentum-kick-0.025,momentum-kick,0.025,momentum,1.0,0.0007776165507505426,0.012558275374183825,0.0,0.003598864891867908,0.029270114482208773,0.0,0.030298717264214407,2.8371241569402628e-05,45.471216583901885,0.9985425748050151,0.0014574251949849293,1.7137778573783104e-06,6.891671091580065e-06,0.001520229765296596,1.0,0.0,0.0015184916938901834,1.0,0.0,4.9875826093014056e-05,1.0,0.0,0.000363276786629287,1.0,0.0
case-013,momentum-kick-0.075,momentum-kick,0.075,momentum,1.0,0.002332849652249972,0.037674826122551464,0.0,0.005656157064794038,0.08781034344662629,0.0,0.030298717264214407,0.00022601721866521984,36.45858473744474,0.988390167965509,0.011609832034490952,9.844398118504481e-06,3.811651549767703e-05,0.012110788399721458,1.0,0.0,0.012096287049584716,1.0,0.0,0.00028650007726207795,1.0,0.0,0.002009214468232383,1.0,0.0
case-013,momentum-kick-0.150,momentum-kick,0.15,momentum,1.0,0.0046656993044990975,0.07534965224510293,0.0,0.004108998702841285,0.1756206868932526,0.0,0.030298717264214407,0.0007256183307617903,31.392917545475505,0.9627248280615953,0.03727517193840468,2.897038335607097e-05,9.287849388783798e-05,0.038881153014416026,1.0,0.0,0.038837011444269195,1.0,0.0,0.0008431208256627528,1.0,0.0,0.0048958518707842005,1.0,0.0
case-013,collision-dropout,collision-dropout,1.0,collision,1.0,0.05325134973320026,0.855606316667156,0.0,0.0,0.0,1.0,2.0259944052630333e-14,0.006717783398926258,21.727740031986723,0.6212166234157063,0.37878337658429373,0.0007403508133939593,0.000305717287119478,0.35996219111104855,0.0,0.0,0.3946544996656759,0.0,0.0,0.02154632133778784,1.0,0.0,0.016115103609264696,1.0,0.0
case-013,time-reverse,time-reverse,1.0,initial-condition,1.0,0.005774023786896246,1.198753904923916,0.851664425759684,1.5218752512453322e-16,0.0,0.0,1.2054574177547155,0.0011848615249618888,29.263324027838536,0.9391299691826985,0.06087003081730147,0.0,0.0001756916317390278,0.06348900007056354,1.0,0.0,0.0634205011145478,1.0,0.0,0.0,1.0,1.0,0.009261134283350844,1.0,0.0
case-013,random,random,1.0,state,1.0,0.27689608122119735,0.8576770231753186,0.407445887227273,1.264867434716716,1.8287943045185948,1.0,372.27728110869293,0.01866246946156025,17.290308899266222,0.040215234071389216,0.9597847659286107,0.03436089167089212,0.018970854580402374,1.0,0.0,0.0,1.0,0.0,0.0,1.0,0.0,0.0,1.0,0.0,0.0
case-014,correct,correct,0.0,none,0.0,0.0,0.0,0.0,9.277882388814435e-16,0.0,0.0,0.04214638253767449,0.0,120.0,1.0,0.0,1.6566609195578508e-16,0.0,0.0,0.0,0.0,0.0,0.0,0.0,5.739093793569321e-15,0.0,0.0,0.0,0.0,0.0
case-014,inelastic-0.95,inelastic,0.05,energy,1.0,0.0013820629043692465,0.023411347918741932,0.0,0.09711959901373635,0.0,0.0,0.04214638253767449,8.090273331617936e-05,40.92036805407738,0.9952295527758516,0.004770447224148433,5.482232155526153e-06,3.48294124705717e-05,0.00504449458845122,1.0,0.0,0.005048761270561438,1.0,0.0,0.0001899184327175626,1.0,0.0,0.0021460430989287743,1.0,0.0
case-014,inelastic-0.80,inelastic,0.2,energy,1.0,0.005528251617476004,0.09364539167496737,0.0,0.35859544251225367,0.0,0.0,0.04214638253767449,0.0008870845194905996,30.52034999559847,0.9477800105528834,0.05221998944711659,6.679832413854074e-05,0.00016302127914968878,0.05531201326141434,1.0,0.0,0.05526657101144064,1.0,0.0,0.0023140634450811277,1.0,0.0,0.010044691146981855,1.0,0.0
case-014,inelastic-0.50,inelastic,0.5,energy,1.0,0.013820629043689726,0.2341134791874184,0.0,0.7470738385671939,0.0,0.0,0.04214638253767449,0.002885187743231654,25.398259214348915,0.8302217753043982,0.16977822469560178,0.00027568865239602095,0.0001753753749653697,0.17989891516418294,1.0,0.0,0.17968330539089952,1.0,0.0,0.009550554463165406,1.0,0.0,0.010805898993687507,1.0,0.0
case-014,momentum-kick-0.025,momentum-kick,0.025,momentum,1.0,0.0007565140161496239,0.01281491079857797,0.0,0.0026662506810344,0.027315572373468846,0.0,0.04214638253767449,2.5223034754162654e-05,45.98202661708369,0.9985142505589177,0.0014857494410822625,1.4621230095771681e-06,5.919317118241452e-06,0.00157272142863738,1.0,0.0,0.0015724299805524964,1.0,0.0,5.065165110515664e-05,1.0,0.0,0.00036472362727066457,1.0,0.0
case-014,momentum-kick-0.075,momentum-kick,0.075,momentum,1.0,0.002269542048452293,0.03844473239573388,0.0,0.003521909078560422,0.08194671712040646,0.0,0.04214638253767449,0.00020115735242143273,36.96464089079789,0.9881497010654895,0.011850298934510506,1.096398193226088e-05,3.366395685588941e-05,0.012542680996343541,1.0,0.0,0.01254166066491013,1.0,0.0,0.0003798201546097817,1.0,0.0,0.002074232585871456,1.0,0.0
case-014,momentum-kick-0.150,momentum-kick,0.15,momentum,1.0,0.00453908409690414,0.07688946479146778,0.0,0.006386710736503914,0.16389343424081299,0.0,0.04214638253767449,0.0006555690197274089,31.833815781023635,0.9613881079479357,0.03861189205206428,3.339580771548074e-05,8.275779691757634e-05,0.040876423290260214,1.0,0.0,0.04086455965569561,1.0,0.0,0.0011569155192138103,1.0,0.0,0.005099190206196393,1.0,0.0
case-014,collision-dropout,collision-dropout,1.0,collision,1.0,0.05565151543308578,0.9364539167496737,0.0,0.0,0.0,1.0,2.529741219319609e-14,0.00626412546262145,22.031395524861097,0.600244587220177,0.39975541277982296,0.0006999877002653821,0.0002989848726429045,0.3905844178846056,0.0,0.0,0.4230776593698404,0.0,0.0,0.02424935011589517,1.0,0.0,0.01842220058008552,1.0,0.0
case-014,time-reverse,time-reverse,1.0,initial-condition,1.0,0.007779249015978808,1.258416112298867,0.9134699256317226,9.277882388814445e-16,0.0,0.0,1.291706750008239,0.001894744229502976,27.224494069161985,0.8883499062182011,0.11165009378179891,1.0321604682062002e-16,0.0004386509826872498,0.1181422013873476,1.0,0.0,0.11816390431627158,1.0,0.0,3.5756657666740795e-15,1.0,1.0,0.027027843637318926,1.0,0.0
case-014,random,random,1.0,state,1.0,0.26955851078319576,0.8553001527334257,0.7815161237640653,1.945751682892704,2.36562492701085,0.0,376.29317627147066,0.016037827357649803,17.94854465883113,0.0551252141858663,0.9448747858141338,0.02886624577235776,0.016229595988988876,1.0,0.0,0.0,1.0,0.0,0.0,1.0,0.0,0.0,1.0,0.0,0.0
case-015,correct,correct,0.0,none,0.0,0.0,0.0,0.0,6.962808179717088e-16,7.771276216966739e-18,0.0,0.01391717915548357,0.0,120.0,1.0,0.0,2.4216739724636227e-15,0.0,0.0,0.0,0.0,0.0,0.0,0.0,3.457377780121039e-14,0.0,0.0,0.0,0.0,0.0
case-015,inelastic-0.95,inelastic,0.05,energy,1.0,0.0015916329333351016,0.023920135301342568,0.0,0.09748088050256035,7.771276216966739e-18,0.0,0.01391717915548357,0.0001364056661259383,38.651675892387814,0.9951895304832131,0.004810469516786875,3.17237675868335e-05,6.106071668909863e-05,0.005072090637357346,1.0,0.0,0.005031614017857646,1.0,0.0,0.00045291418417013916,1.0,0.0,0.0022443922005684217,1.0,0.0
case-015,inelastic-0.80,inelastic,0.2,energy,1.0,0.006366531733338042,0.0956805412053704,0.0,0.35992940493252856,0.0,0.0,0.01391717915548357,0.0014394872123375535,28.417921888170937,0.9492202610418999,0.05077973895810006,0.0004023720176937048,0.000244701630435884,0.05352570622361094,1.0,0.0,0.053114159745344516,1.0,0.0,0.005744588615706328,1.0,0.0,0.008994431454400632,1.0,0.0
case-015,inelastic-0.50,inelastic,0.5,energy,1.0,0.01591632933334378,0.23920135301342615,0.0,0.7498529269427672,0.0,0.0,0.01391717915548357,0.004635666962713003,23.338877723312613,0.8365900872286046,0.16340991277139538,0.00184254636589095,0.00025196405476890504,0.17237204045303475,1.0,0.0,0.1709221116334279,1.0,0.0,0.026305683327774353,1.0,0.0,0.009261374415670539,1.0,0.0
case-015,momentum-kick-0.025,momentum-kick,0.025,momentum,1.0,0.000891369163226475,0.013396098146272089,0.0,0.0015681085495544095,0.02799897333993969,0.0,0.01391717915548357,4.554187398753129e-05,43.41589102712991,0.9983921468218891,0.0016078531781108518,4.77849526482263e-06,1.0216744158242363e-05,0.0016934231489078957,1.0,0.0,0.001681768601049833,1.0,0.0,6.822166624768286e-05,1.0,0.0,0.00037553409372373094,1.0,0.0
case-015,momentum-kick-0.075,momentum-kick,0.075,momentum,1.0,0.0026741074896752216,0.04018829443881626,0.0,0.009407980697208997,0.08399692001981905,0.0,0.01391717915548357,0.00035968213342130184,34.44081134461867,0.9873315802840454,0.01266841971595456,2.5722782541670944e-05,5.6989887525560334e-05,0.013374373903695136,1.0,0.0,0.013250805977350344,1.0,0.0,0.0003672392643010678,1.0,0.0,0.002094761837220214,1.0,0.0
case-015,momentum-kick-0.150,momentum-kick,0.15,momentum,1.0,0.005348214979350299,0.08037658887763252,0.0,0.03292692654005042,0.16799384003963813,0.0,0.01391717915548357,0.0011068215826526284,29.559223808506072,0.9609483721367403,0.039051627863259664,0.00012167816914033028,0.00013756201951764524,0.04115591049872028,1.0,0.0,0.04084688978721223,1.0,0.0,0.0017371760323443243,1.0,0.0,0.005056329837592046,1.0,0.0
case-015,collision-dropout,collision-dropout,1.0,collision,1.0,0.06379457021747201,0.9568054120537046,0.0,0.0,0.0,1.0,2.1980993629193286e-14,0.011033562943339348,19.572842231202866,0.5675003972256726,0.4324996027743274,0.00356440053793177,0.0003997293533757329,0.41027057666311084,0.0,0.0,0.45238225841429514,0.0,0.0,0.05088826720452312,1.0,0.0,0.014692743415095298,1.0,0.0
case-015,time-reverse,time-reverse,1.0,initial-condition,1.0,0.01761775281740675,1.165088329506515,0.8928990998154109,6.962808179717093e-16,7.771276216966742e-18,0.0,1.25966942763604,0.007451674435287714,21.27746127748782,0.7372327560221376,0.26276724397786244,5.7592819402429996e-15,0.0008097800309769809,0.27708209790172983,0.0,0.0,0.2748470484261484,0.0,0.0,8.222417070201898e-14,1.0,1.0,0.029764864945079638,1.0,0.0
case-015,random,random,1.0,state,1.0,0.26872805957794244,0.8566271003564447,0.7803172575122296,0.9065645632121673,2.049957605288468,0.0,374.2134619933753,0.026893381029367447,15.703545949469294,0.04395100663244631,0.9560489933675537,0.07004366101927231,0.027205903083086014,1.0,0.0,0.0,1.0,0.0,0.0,1.0,0.0,0.0,1.0,0.0,0.0
case-016,correct,correct,0.0,none,0.0,0.0,0.0,0.0,3.712585622489767e-16,0.0,0.0,0.022232309124233636,0.0,120.0,1.0,0.0,0.0,0.0,0.0,0.0,0.0,0.0,0.0,0.0,0.0,0.0,0.0,0.0,0.0,0.0
case-016,inelastic-0.95,inelastic,0.05,energy,1.0,0.0013177745848261795,0.02015415536555179,0.0,0.0966537132896161,0.0,0.0,0.022232309124233636,9.285724081564695e-05,40.32184225218005,0.9965215823737573,0.0034784176262426802,1.285810433359659e-05,3.6182900657877326e-05,0.0035683681811414375,1.0,0.0,0.0035688375328096836,1.0,0.0,0.00015600761271573457,1.0,0.0,0.0014099214650489765,1.0,0.0
case-016,inelastic-0.80,inelastic,0.2,energy,1.0,0.005271098339302237,0.08061662146220701,0.0,0.3568752490693493,0.0,0.0,0.022232309124233636,0.0010487991385161877,29.79307678047396,0.9607018083969293,0.03929819160307069,0.00017584528560497196,0.00016643758863210678,0.040303819512792195,1.0,0.0,0.04031973047355994,1.0,0.0,0.0021335340344741742,1.0,0.0,0.006485492443578056,1.0,0.0
case-016,inelastic-0.50,inelastic,0.5,energy,1.0,0.013177745848256256,0.20154155365551762,0.0,0.7434901022278111,0.0,0.0,0.022232309124233636,0.0035477762576192617,24.50043776987239,0.8670955288668751,0.13290447113312487,0.0007430540205219981,0.00018469381029717624,0.13633586137489861,1.0,0.0,0.1363592632695064,1.0,0.0,0.009015487886311182,1.0,0.0,0.007196873740496544,1.0,0.0
case-016,momentum-kick-0.025,momentum-kick,0.025,momentum,1.0,0.0008557015017502027,0.013087170758477092,0.0,0.007068439880009098,0.0323264590022882,0.0,0.022232309124233636,4.0479484596289694e-05,43.92765025773305,0.9984831847087211,0.0015168152912788946,4.505937528312062e-06,8.254590284195729e-06,0.001555567487829826,1.0,0.0,0.0015562442246772649,1.0,0.0,5.4670621625106583e-05,1.0,0.0,0.0003216525987487,1.0,0.0
case-016,momentum-kick-0.075,momentum-kick,0.075,momentum,1.0,0.0025671045052483798,0.03926151227543134,0.0,0.02747531934978783,0.09697937700686476,0.0,0.022232309124233636,0.00031929160468280315,34.958125004642056,0.9880423412708992,0.011957658729100817,4.3434392850161437e-05,4.48149730800651e-05,0.012269910161531727,1.0,0.0,0.01226849270627719,1.0,0.0,0.0005269902749665812,1.0,0.0,0.0017462832263952222,1.0,0.0
case-016,momentum-kick-0.150,momentum-kick,0.15,momentum,1.0,0.005134209010496866,0.0785230245508627,0.0,0.0737606378288556,0.19395875401372953,0.0,0.022232309124233636,0.0010068078991025686,29.970533857704766,0.9622715110705418,0.03772848892945824,0.00016021765505272543,0.00010769263462862,0.03869015749468707,1.0,0.0,0.03870922408275861,1.0,0.0,0.001943923709996623,1.0,0.0,0.004196406435908879,1.0,0.0
case-016,collision-dropout,collision-dropout,1.0,collision,1.0,0.05291574436948778,0.8061662146220704,0.0,0.0,0.0,1.0,1.2940182994327762e-14,0.00929046981036663,20.319623235853975,0.6050482719167048,0.39495172808329515,0.0029594516880442866,0.00028430658858269453,0.35701918954263334,0.0,0.0,0.4052183211692849,0.0,0.0,0.03590708092117315,1.0,0.0,0.011078436350025487,1.0,0.0
case-016,time-reverse,time-reverse,1.0,initial-condition,1.0,0.012001022064961108,1.0352639528347038,0.7700696885996758,3.7125856224897687e-16,0.0,0.0,1.0913011166160813,0.004446459002792835,23.519857076085056,0.8334119053733368,0.16658809462666324,0.0,0.0005630173836834729,0.17087092708059695,1.0,0.0,0.17091847745294528,1.0,0.0,0.0,1.0,1.0,0.0219388241411824,1.0,0.0
case-016,random,random,1.0,state,1.0,0.2787641345832746,0.7972850805748147,0.738945598677014,0.9880837480175252,1.6638687537930779,1.0,377.55384379529454,0.026022326201200485,15.846538833628589,0.025335954841244134,0.9746640451587558,0.08241972369018728,0.025663061067461967,1.0,0.0,0.0,1.0,0.0,0.0,1.0,0.0,0.0,1.0,0.0,0.0
case-017,correct,correct,0.0,none,0.0,0.0,0.0,0.0,3.693762231907244e-16,0.0,0.0,0.02940863173379527,0.0,120.0,1.0,0.0,0.0,0.0,0.0,0.0,0.0,0.0,0.0,0.0,0.0,0.0,0.0,0.0,0.0,0.0
case-017,inelastic-0.95,inelastic,0.05,energy,1.0,0.0014425471324780884,0.020438201638116073,0.0,0.0965045246698067,0.0,0.0,0.02940863173379527,0.00011215787526452914,39.501702266387476,0.9959184174712029,0.00408158252879709,1.7832349870176845e-05,4.585227361530997e-05,0.0042915289289220055,1.0,0.0,0.004290175613136934,1.0,0.0,0.00023920776279450428,1.0,0.0,0.0017211860265949938,1.0,0.0
case-017,inelastic-0.80,inelastic,0.2,energy,1.0,0.0057701885299128765,0.08175280655246465,0.0,0.35632439878082484,0.0,0.0,0.02940863173379527,0.0012231121072545648,29.12533734843777,0.9554761648320212,0.044523835167978754,0.0002588114799457102,0.00019931768474634737,0.04680028913901658,1.0,0.0,0.0467992673168577,1.0,0.0,0.0034717642685379905,1.0,0.0,0.007481915002010529,1.0,0.0
case-017,inelastic-0.50,inelastic,0.5,energy,1.0,0.01442547132478193,0.20438201638116169,0.0,0.7423424974600514,0.0,0.0,0.02940863173379527,0.004042958840727806,23.933006799712434,0.852868460530878,0.14713153946912205,0.0010797675930510472,0.00021495101100299507,0.15469689295114158,1.0,0.0,0.1546508341066799,1.0,0.0,0.014484282338118248,1.0,0.0,0.008068753136317532,1.0,0.0
case-017,momentum-kick-0.025,momentum-kick,0.025,momentum,1.0,0.0009350672392976321,0.013248158310879946,0.0,0.005476541833948869,0.03224440475804747,0.0,0.02940863173379527,4.8709334805607796e-05,43.123878012889676,0.9982272528967009,0.0017727471032991104,6.034769150693904e-06,1.0548811587796081e-05,0.0018637792391643427,1.0,0.0,0.0018633449984593162,1.0,0.0,8.095195742727223e-05,1.0,0.0,0.00039597746568526893,1.0,0.0
case-017,momentum-kick-0.075,momentum-kick,0.075,momentum,1.0,0.0028052017178957353,0.0397444749326398,0.0,0.010191415672641061,0.09673321427414235,0.0,0.02940863173379527,0.00037860299926251173,34.21815949912636,0.9862182886428971,0.013781711357102933,5.806502510395054e-05,5.3690633649239317e-05,0.014486595079298526,1.0,0.0,0.014486038578022022,1.0,0.0,0.0007788992955410757,1.0,0.0,0.002015419544326493,1.0,0.0
case-017,momentum-kick-0.150,momentum-kick,0.15,momentum,1.0,0.0056104034357900515,0.0794889498652796,0.0,0.0016682018576675258,0.1934664285482847,0.0,0.02940863173379527,0.001172972610220313,29.307121288640605,0.9573078568920478,0.04269214310795222,0.0002165324730031143,0.00012481854355428368,0.04488178719257197,1.0,0.0,0.04487396492464603,1.0,0.0,0.002904622711898524,1.0,0.0,0.004685393244138683,1.0,0.0
case-017,collision-dropout,collision-dropout,1.0,collision,1.0,0.05798335571586809,0.8175280655246467,0.0,0.0,0.0,1.0,3.068437881858829e-14,0.010133967734873295,19.942204827756413,0.5858451387037789,0.41415486129622114,0.003634121231434989,0.0003354125947225839,0.3877589121262989,0.0,0.0,0.4353206319997673,0.0,0.0,0.04874904405893375,1.0,0.0,0.012590596401477451,1.0,0.0
case-017,time-reverse,time-reverse,1.0,initial-condition,1.0,0.015660048957747866,1.0214114675399912,0.77147659875139,3.6937622319072453e-16,0.0,0.0,1.0943830116111086,0.006367295980453491,21.960449617130333,0.7682595704208769,0.2317404295791231,0.0,0.0006722208927385509,0.24363367115039183,1.0,0.0,0.2435837405084249,1.0,0.0,0.0,1.0,1.0,0.025233584207272123,1.0,0.0
case-017,random,random,1.0,state,1.0,0.266041740184016,0.7797829208552575,0.5714171050962839,5.301699302056505,2.646955117485142,1.0,370.43737839423136,0.026134712621569633,15.827822710608821,0.04862110625521061,0.9513788937447893,0.07454753834847762,0.02663992904126644,1.0,0.0,0.0,1.0,0.0,0.0,1.0,0.0,0.0,1.0,0.0,0.0
case-018,correct,correct,0.0,none,0.0,0.0,0.0,0.0,3.8225008763552126e-16,3.641697957589373e-17,0.0,0.018977878286133388,0.0,120.0,1.0,0.0,0.0,0.0,0.0,0.0,0.0,0.0,0.0,0.0,0.0,0.0,0.0,0.0,0.0,0.0
case-018,inelastic-0.95,inelastic,0.05,energy,1.0,0.0012253710709143589,0.018907886118849228,0.0,0.09728479443028439,0.0,0.0,0.018977878286133388,7.321368320845068e-05,41.354077442615925,0.996661194300863,0.0033388056991370263,3.467355579069714e-06,3.24808424920775e-05,0.003491349180956773,1.0,0.0,0.003490962280675451,1.0,0.0,5.989679350420176e-05,1.0,0.0,0.0015162991569540908,1.0,0.0
case-018,inelastic-0.80,inelastic,0.2,energy,1.0,0.004901484283651717,0.07563154447539679,0.0,0.3592053948195119,0.0,0.0,0.018977878286133388,0.000832362740766257,30.796873684433237,0.9620911483277416,0.03790885167225844,4.7680258202573936e-05,0.00015510535740759224,0.03969297603781494,1.0,0.0,0.0396364398580546,1.0,0.0,0.000823652064133793,1.0,0.0,0.007240764236135808,1.0,0.0
case-018,inelastic-0.50,inelastic,0.5,energy,1.0,0.012253710709129421,0.18907886118849201,0.0,0.7483445725406503,0.0,0.0,0.018977878286133388,0.0028222992550581694,25.49396938870132,0.8714753881463176,0.12852461185368236,0.00020978804752186907,0.00017388531705364585,0.1345873033666048,1.0,0.0,0.13438175579837605,1.0,0.0,0.003623981179754975,1.0,0.0,0.008117466771973314,1.0,0.0
case-018,momentum-kick-0.025,momentum-kick,0.025,momentum,1.0,0.0008047688105460921,0.012417852341228691,0.0,0.004158048341997192,0.032801499129590815,0.0,0.018977878286133388,3.263300459366292e-05,44.86342937907657,0.9985120947485034,0.0014879052514965574,4.293419158674615e-06,7.400126833090326e-06,0.0015561737760939874,1.0,0.0,0.0015557123050125201,1.0,0.0,7.416661917411805e-05,1.0,0.0,0.0003454592066417337,1.0,0.0
case-018,momentum-kick-0.075,momentum-kick,0.075,momentum,1.0,0.0024143064316397463,0.03725355702368609,0.0,0.018929775096882137,0.09840449738877241,0.0,0.018977878286133388,0.0002572903176769614,35.89576556807871,0.9882632912669195,0.011736708733080525,3.23720800559325e-05,4.116406125831418e-05,0.012269432441091589,1.0,0.0,0.012271575880276088,1.0,0.0,0.0005592111193083645,1.0,0.0,0.0019216567857811158,1.0,0.0
case-018,momentum-kick-0.150,momentum-kick,0.15,momentum,1.0,0.0048286128632774455,0.07450711404737216,0.0,0.057226440406437686,0.1968089947775448,0.0,0.018977878286133388,0.0008096932433545589,30.916794847649157,0.9630764999735604,0.036923500026439626,0.0001363152699377845,9.716203203424811e-05,0.03861193315412761,1.0,0.0,0.038606183611144505,1.0,0.0,0.0023547765404330454,1.0,0.0,0.004535803136800152,1.0,0.0
case-018,collision-dropout,collision-dropout,1.0,collision,1.0,0.049188887371954364,0.756315444753968,0.0,0.0,0.0,1.0,2.8271600163953236e-14,0.007070282008498907,21.505632633894724,0.6394178619246859,0.36058213807531414,0.001621386642038868,0.000278542167507112,0.33716133675756427,0.0,0.0,0.3770146443177519,0.0,0.0,0.02800862463454908,1.0,0.0,0.013003149591030976,1.0,0.0
case-018,time-reverse,time-reverse,1.0,initial-condition,1.0,0.0038282344999067334,1.0695915594033008,0.7613307762937997,3.822500876355211e-16,3.641697957589372e-17,1.0,1.0756637497188286,0.0006333223427645862,31.98375190374374,0.9711120171184247,0.028887982881575347,0.0,0.00013970174768473953,0.03020131409585389,1.0,0.0,0.03020447060769164,1.0,0.0,0.0,1.0,1.0,0.006521679426605134,1.0,0.0
case-018,random,random,1.0,state,1.0,0.27633325401869674,0.7912187749560656,0.5625011558019339,2.8283033136263813,2.5244019337916512,0.0,369.87812916409666,0.020970026031136513,16.78401030422976,0.04358585665067233,0.9564141433493276,0.05788883471410668,0.021421130746603012,1.0,0.0,0.0,1.0,0.0,0.0,1.0,0.0,0.0,1.0,0.0,0.0
case-019,correct,correct,0.0,none,0.0,0.0,0.0,0.0,4.072436059646675e-16,0.0,0.0,0.024010058196733373,0.0,120.0,1.0,0.0,2.688821387764051e-16,0.0,0.0,0.0,0.0,0.0,0.0,0.0,1.1909602037754847e-14,0.0,0.0,0.0,0.0,0.0
case-019,inelastic-0.95,inelastic,0.05,energy,1.0,0.0017635526672527772,0.02363302541968765,0.0,0.09710934623216555,0.0,0.0,0.024010058196733373,0.0001236237440025434,39.07898107734789,0.9921687310122304,0.007831268987769646,9.717910156590952e-06,6.776785448892042e-05,0.008271991924119515,1.0,0.0,0.008278757383124356,1.0,0.0,0.0004304355920788674,1.0,0.0,0.004426501890010962,1.0,0.0
case-019,inelastic-0.80,inelastic,0.2,energy,1.0,0.0070542106690166615,0.09453210167875045,0.0,0.35855758608799676,0.0,0.0,0.024010058196733373,0.0012168437242507935,29.14765193383332,0.9228670559632312,0.07713294403676885,0.00013278169331742452,0.00025318594998680055,0.08142223438655109,1.0,0.0,0.08154041585390388,1.0,0.0,0.005881302240848238,1.0,0.0,0.016537753697426334,1.0,0.0
case-019,inelastic-0.50,inelastic,0.5,energy,1.0,0.01763552667254443,0.2363302541968763,0.0,0.7469949710166613,7.672760496872237e-18,0.0,0.024010058196733373,0.003652919316664338,24.373599200997262,0.7683802602818083,0.23161973971819172,0.0005959014821871225,0.0002558011037763208,0.24442650018984952,1.0,0.0,0.24485477810352088,1.0,0.0,0.026394276461994798,1.0,0.0,0.016708571901415267,1.0,0.0
case-019,momentum-kick-0.025,momentum-kick,0.025,momentum,1.0,0.0009769933912273452,0.013092497932392607,0.0,0.00273546136372349,0.027644033051693506,0.0,0.024010058196733373,4.003332287538797e-05,43.975783607679276,0.9974670665530182,0.0025329334469818,1.7148184053659282e-06,1.1359394193277694e-05,0.0026787355955993795,1.0,0.0,0.002677668396770949,1.0,0.0,7.595448648193256e-05,1.0,0.0,0.0007419798110052913,1.0,0.0
case-019,momentum-kick-0.075,momentum-kick,0.075,momentum,1.0,0.0029309801736777763,0.03927749379717782,0.0,0.0036212287109927835,0.0829320991550805,0.0,0.024010058196733373,0.00030508727650158107,35.15575903994356,0.980674341653494,0.019325658346506014,1.2679352442565833e-05,6.174971349537373e-05,0.020414197189504102,1.0,0.0,0.020429950365610097,1.0,0.0,0.0005616068154417886,1.0,0.0,0.0040334053004377705,1.0,0.0
case-019,momentum-kick-0.150,momentum-kick,0.15,momentum,1.0,0.0058619603473520085,0.07855498759435564,0.0,0.0065130087185504785,0.165864198310161,0.0,0.024010058196733373,0.0009201159118674695,30.361574588354173,0.9416479985717343,0.05835200142826569,3.362224611740518e-05,0.0001424833171768114,0.061567391067406774,1.0,0.0,0.0616863069572483,1.0,0.0,0.0014892308306381338,1.0,0.0,0.00930681187319133,1.0,0.0
case-019,collision-dropout,collision-dropout,1.0,collision,1.0,0.07077836248442143,0.9453210167875052,0.0,0.0,0.0,1.0,3.0435966767168475e-14,0.0065268403850495815,21.852970079168323,0.5617840606353374,0.43821593936466263,0.0008386212436510016,0.0004506195255089551,0.43672816569959627,0.0,0.0,0.4632561401075308,0.0,0.0,0.03714506778970514,1.0,0.0,0.029433839928743016,1.0,0.0
case-019,time-reverse,time-reverse,1.0,initial-condition,1.0,0.015003523155032927,1.2128707537933896,0.9026235191709471,4.072436059646673e-16,0.0,0.0,1.2764743018946636,0.004555376246571541,23.414757471077408,0.7116079242773748,0.28839207572262515,5.572799166575493e-16,0.0007955478504300117,0.3048122820337038,0.0,0.0,0.3048711556009535,0.0,0.0,2.4683610675024158e-14,1.0,1.0,0.05196407780769192,1.0,0.0
case-019,random,random,1.0,state,1.0,0.26932148900114744,0.8441161630676189,0.855290572315502,1.1427428728846067,1.8819960081509552,0.0,374.8765130384818,0.01494485791772604,18.25508209486586,0.05405260411023552,0.9459473958897645,0.02257692053219049,0.015309573151171207,1.0,0.0,0.0,1.0,0.0,0.0,1.0,0.0,0.0,1.0,0.0,0.0
case-020,correct,correct,0.0,none,0.0,0.0,0.0,0.0,1.0856509548127809e-15,0.0,0.0,0.011611128468809366,0.0,120.0,1.0,0.0,1.240327285323417e-15,0.0,0.0,0.0,0.0,0.0,0.0,0.0,2.8395948933556705e-14,0.0,0.0,0.0,0.0,0.0
case-020,inelastic-0.95,inelastic,0.05,energy,1.0,0.0014908490101129368,0.021653936322420287,0.0,0.09749997367784145,0.0,0.0,0.011611128468809366,0.00010424183710711077,39.81957943434666,0.9951513347681491,0.004848665231850902,1.1548197510907049e-05,4.986686690244824e-05,0.0050629411828897655,1.0,0.0,0.005049669975671749,1.0,0.0,0.00026438346610172095,1.0,0.0,0.0023992281403037545,1.0,0.0
case-020,inelastic-0.80,inelastic,0.2,energy,1.0,0.00596339604045551,0.0866157452896808,0.0,0.3599999028104867,0.0,0.0,0.011611128468809366,0.001115579972974956,29.524992908424665,0.9480581772422975,0.05194182275770254,0.00014406088741288157,0.00021902615844737738,0.054182811285054325,1.0,0.0,0.05409510665703545,1.0,0.0,0.00329811788445207,1.0,0.0,0.010537933410526286,1.0,0.0
case-020,inelastic-0.50,inelastic,0.5,energy,1.0,0.014908490101138596,0.2165393632242021,0.0,0.7499997975218462,0.0,0.0,0.011611128468809366,0.003558956552296877,24.486773138261327,0.8338767556559388,0.16612324434406123,0.0006295950514540365,0.00022857976728118956,0.1728556230088744,1.0,0.0,0.17300999741431172,1.0,0.0,0.01441389634933906,1.0,0.0,0.010997583045230153,1.0,0.0
case-020,momentum-kick-0.025,momentum-kick,0.025,momentum,1.0,0.0008810381183230355,0.012796697172133272,0.0,0.0009038016653951788,0.029548196813333816,0.0,0.011611128468809366,3.779479811782949e-05,44.225679701147286,0.9982400762446019,0.0017599237553981295,1.9499333490380355e-06,9.60423767537577e-06,0.0018356625823194603,1.0,0.0,0.001832882602149235,1.0,0.0,4.464161069284661e-05,1.0,0.0,0.0004620855234800358,1.0,0.0
case-020,momentum-kick-0.075,momentum-kick,0.075,momentum,1.0,0.0026431143549695965,0.03839009151639983,0.0,0.007949980605705129,0.08864459044000146,0.0,0.011611128468809366,0.00031074087019078434,35.076016224096016,0.9855381688041662,0.014461831195833774,1.315004408666224e-05,5.375570253818296e-05,0.015092431144314569,1.0,0.0,0.015061356330215806,1.0,0.0,0.00030105600737591906,1.0,0.0,0.0025863304081988467,1.0,0.0
case-020,momentum-kick-0.150,momentum-kick,0.15,momentum,1.0,0.00528622870994125,0.07678018303279965,0.0,0.03161568803996252,0.17728918088000295,0.0,0.011611128468809366,0.0009245940018445253,30.340489283046793,0.9569051499115373,0.0430948500884627,5.5162231599552997e-05,0.00012764889106620103,0.04490677811617521,1.0,0.0,0.04488137666594773,1.0,0.0,0.0012628795077691919,1.0,0.0,0.006141529046204467,1.0,0.0
case-020,collision-dropout,collision-dropout,1.0,collision,1.0,0.05974367641135406,0.8661574528968086,0.0,0.0,0.0,1.0,2.6106919429806217e-14,0.007886655628681183,21.03107122256095,0.5988604088512247,0.4011395911487753,0.0012235396579720094,0.00037095992593094707,0.38304844471122207,0.0,0.0,0.4177691081188465,0.0,0.0,0.028011614399739003,1.0,0.0,0.017847872715958196,1.0,0.0
case-020,time-reverse,time-reverse,1.0,initial-condition,1.0,0.0060653597905643425,1.167439733774631,0.8460864095762196,1.085650954812782e-15,0.0,0.0,1.1939607938595673,0.0014261859469115734,28.458238472380756,0.933553440786789,0.06644655921321097,4.579669976578771e-16,0.000528458331245929,0.06926869062809991,1.0,0.0,0.06920114691390271,1.0,0.0,1.0484658067774783e-14,1.0,1.0,0.02542554160828877,1.0,0.0
case-020,random,random,1.0,state,1.0,0.2697372171801605,0.8218109082896136,0.3555547019149863,1.1777138732404857,1.9630268225081673,1.0,365.05091192502874,0.020589185878634453,16.863608255726838,0.03980552091309842,0.9601944790869016,0.04367972657739461,0.020784545689821243,1.0,0.0,0.0,1.0,0.0,0.0,1.0,0.0,0.0,1.0,0.0,0.0
case-021,correct,correct,0.0,none,0.0,0.0,0.0,0.0,0.0,1.993295976137015e-17,0.0,0.028614774671108352,0.0,120.0,1.0,0.0,8.4294550506403e-15,0.0,0.0,0.0,0.0,0.0,0.0,0.0,7.777438631529146e-14,0.0,0.0,0.0,0.0,0.0
case-021,inelastic-0.95,inelastic,0.05,energy,1.0,0.0009787854029550643,0.016910836100656496,0.0,0.09704788779413487,1.993295976137015e-17,0.0,0.028614774671108352,5.441241228254512e-05,42.6430201995377,0.9981102776853737,0.001889722314626252,2.5245498232523075e-06,2.00498088815948e-05,0.0019362715277039006,1.0,0.0,0.0019305100954208395,1.0,0.0,2.329276472159507e-05,1.0,0.0,0.0007157024062236931,1.0,0.0
case-021,inelastic-0.80,inelastic,0.2,energy,1.0,0.003915141611821144,0.06764334440262566,0.0,0.3583306626244963,1.993295976137015e-17,0.0,0.028614774671108352,0.000664666760712862,31.773960392940644,0.9769040996727522,0.023095900327247842,3.221754955773414e-05,0.00011052404443034902,0.023652237976450517,1.0,0.0,0.023594402415364285,1.0,0.0,0.00029725529472334394,1.0,0.0,0.0039452907013487306,1.0,0.0
case-021,inelastic-0.50,inelastic,0.5,energy,1.0,0.009787854029551265,0.16910836100656434,0.0,0.7465222138010348,0.0,0.0,0.028614774671108352,0.0024363831616938114,26.132544106517905,0.9154259118072097,0.08457408819279033,0.0001771989100804866,0.0001360918249702081,0.08669895615119154,1.0,0.0,0.08639953595482933,1.0,0.0,0.001634926149372078,1.0,0.0,0.004857963842636097,1.0,0.0
case-021,momentum-kick-0.025,momentum-kick,0.025,momentum,1.0,0.0007045605129673157,0.012172951621267095,0.0,0.0036009907401150384,0.03590802806147914,0.0,0.028614774671108352,2.8888915039715357e-05,45.39268768336236,0.9989963064633948,0.0010036935366052324,6.905731718229169e-06,5.308051186148077e-06,0.001028015140501347,1.0,0.0,0.0010253572655241003,1.0,0.0,6.371574950180435e-05,1.0,0.0,0.00018947736752603542,1.0,0.0
case-021,momentum-kick-0.075,momentum-kick,0.075,momentum,1.0,0.0021136815388994785,0.03651885486380124,0.0,0.0030666533447614645,0.10772408418443727,0.0,0.028614774671108352,0.00023200530267786235,36.3450208882713,0.9919394234564688,0.008060576543531206,6.478486720475551e-05,2.796748412947636e-05,0.008255933582190707,1.0,0.0,0.00823455608888074,1.0,0.0,0.0005977377255229305,1.0,0.0,0.0009983334906430808,1.0,0.0
case-021,momentum-kick-0.150,momentum-kick,0.15,momentum,1.0,0.004227363077800701,0.07303770972760251,0.0,0.01707564993722848,0.21544816836887454,0.0,0.028614774671108352,0.0007515833131037652,31.240228708112735,0.9738819967871155,0.02611800321288449,0.00012191002252744543,7.009330875007436e-05,0.02674517281651599,1.0,0.0,0.026681734392642587,1.0,0.0,0.0011248031018369585,1.0,0.0,0.0025020662305993095,1.0,0.0
case-021,collision-dropout,collision-dropout,1.0,collision,1.0,0.0393995242101767,0.6764334440262574,0.0,0.0,0.0,1.0,2.0622989754497023e-14,0.007547461427748203,21.221990978158175,0.6912697147344765,0.3087302852655235,0.003610609958664547,0.00020656375272665173,0.2685772244962618,0.0,0.0,0.3153939220880326,0.0,0.0,0.033313301046392615,1.0,0.0,0.00737354534091206,1.0,0.0
case-021,time-reverse,time-reverse,1.0,initial-condition,1.0,0.006778304853064389,0.9566213505846751,0.6946360294860132,0.0,1.993295976137015e-17,1.0,0.9827107583894833,0.0019854269921779633,27.021460781177005,0.9309938303188922,0.06900616968110784,0.0,0.00035571580519899726,0.0706516324864759,1.0,0.0,0.07049559937172555,1.0,0.0,0.0,1.0,1.0,0.01269770994906713,1.0,0.0
case-021,random,random,1.0,state,1.0,0.26610201760849567,0.7593854617708131,0.46683184217154383,0.9042979919576958,1.6193593881809707,0.0,366.7878862711746,0.028101643547415733,15.51268279287095,0.02112798109232165,0.9788720189076784,0.10838343380130225,0.02801417000591755,1.0,0.0,0.0,1.0,0.0,0.0,1.0,0.0,0.0,1.0,0.0,0.0
case-022,correct,correct,0.0,none,0.0,0.0,0.0,0.0,0.0,0.0,0.0,0.01786735386157351,0.0,120.0,1.0,0.0,1.1770098784502636e-15,0.0,0.0,0.0,0.0,0.0,0.0,0.0,1.4204815262160729e-14,0.0,0.0,0.0,0.0,0.0
case-022,inelastic-0.95,inelastic,0.05,energy,1.0,0.0013930344471854916,0.019263962040717682,0.0,0.09665455540755848,0.0,0.0,0.01786735386157351,0.00010822251351783052,39.65682383596494,0.9963139300841681,0.003686069915831869,1.7680856004206706e-05,4.662790888687596e-05,0.0038086944472031084,1.0,0.0,0.0037817699961911772,1.0,0.0,0.00021338248541066468,1.0,0.0,0.0016436509994667838,1.0,0.0
case-022,inelastic-0.80,inelastic,0.2,energy,1.0,0.005572137788738142,0.07705584816287084,0.0,0.3568783584279087,0.0,0.0,0.01786735386157351,0.0011867067078128457,29.256566027955607,0.9595915464107643,0.04040845358923573,0.00025065099997618415,0.0002101342543028295,0.041763983311668265,1.0,0.0,0.04145756343901798,1.0,0.0,0.003024996828935282,1.0,0.0,0.007407310028528148,1.0,0.0
case-022,inelastic-0.50,inelastic,0.5,energy,1.0,0.013930344471845692,0.1926396204071771,0.0,0.7434965800581433,0.0,0.0,0.01786735386157351,0.003940533380955458,24.04444989157271,0.8656303396963301,0.13436966030366992,0.0011215228151967988,0.00022604054538533092,0.13867990235313474,1.0,0.0,0.13785825047763361,1.0,0.0,0.013535166266526916,1.0,0.0,0.007968012660486017,1.0,0.0
case-022,momentum-kick-0.025,momentum-kick,0.025,momentum,1.0,0.0009340508585498109,0.012916780571759476,0.0,0.005102439136822899,0.03338009192480225,0.0,0.01786735386157351,5.069792314316146e-05,42.95009831316351,0.9982727517932659,0.0017272482067340889,6.886627817398981e-06,1.1221477507206146e-05,0.0017842211577194186,1.0,0.0,0.0017720921179889895,1.0,0.0,8.311168641524987e-05,1.0,0.0,0.00039556122417929785,1.0,0.0
case-022,momentum-kick-0.075,momentum-kick,0.075,momentum,1.0,0.002802152575647183,0.03875034171527843,0.0,0.008621934189019747,0.1001402757744067,0.0,0.01786735386157351,0.00038998457603156567,34.08952569067969,0.9867145256799557,0.013285474320044344,4.266358981619509e-05,5.815292752231471e-05,0.01372479755777953,1.0,0.0,0.013630400213766259,1.0,0.0,0.0005148881269863206,1.0,0.0,0.002049912160458801,1.0,0.0
case-022,momentum-kick-0.150,momentum-kick,0.15,momentum,1.0,0.005604305151293129,0.07750068343055685,0.0,0.002812281286308539,0.2002805515488134,0.0,0.01786735386157351,0.0011973121436312795,29.217926126810553,0.9591970210888766,0.04080297891112339,0.00013294161980481785,0.00013314282114151865,0.042137222328198616,1.0,0.0,0.04186233167703869,1.0,0.0,0.0016044140194186511,1.0,0.0,0.0046933335906616195,1.0,0.0
case-022,collision-dropout,collision-dropout,1.0,collision,1.0,0.05589444507750536,0.7705584816287085,0.0,0.0,0.0,1.0,2.5744355103147386e-14,0.0101062823086977,19.9540857435455,0.6104522961370104,0.38954770386298965,0.002976134330733045,0.0003499327867757529,0.35567221698895507,0.0,0.0,0.39966138792615774,0.0,0.0,0.03591765807360952,1.0,0.0,0.012335259900365202,1.0,0.0
case-022,time-reverse,time-reverse,1.0,initial-condition,1.0,0.010448737965041454,1.0181966715024298,0.7457626545668626,0.0,0.0,0.0,1.0570890357400442,0.003850504755973816,24.14482335851136,0.8687915623718738,0.13120843762812617,6.531233887052679e-16,0.0006447358755394816,0.1355115087083095,1.0,0.0,0.13461495413800012,1.0,0.0,7.882259316438488e-15,1.0,1.0,0.02272717759643803,1.0,0.0
case-022,random,random,1.0,state,1.0,0.2641984690592063,0.7924899695448294,0.4525795168797947,1.6806524447345856,2.341976047027112,0.0,366.40858351372344,0.028414595872163773,15.464585163476464,0.025305632139366763,0.9746943678606332,0.0828599215637547,0.028368497267365456,1.0,0.0,0.0,1.0,0.0,0.0,1.0,0.0,0.0,1.0,0.0,0.0
case-023,correct,correct,0.0,none,0.0,0.0,0.0,0.0,4.857678082984533e-16,0.0,0.0,0.013562645863510848,0.0,120.0,1.0,0.0,4.036267847729036e-15,0.0,0.0,0.0,0.0,0.0,0.0,0.0,8.843135284781529e-14,0.0,0.0,0.0,0.0,0.0
case-023,inelastic-0.95,inelastic,0.05,energy,1.0,0.0015953067234659262,0.02223869530733732,0.0,0.09676959091886315,0.0,0.0,0.013562645863510848,0.00011320467456243932,39.46135639448482,0.9942044145311256,0.005795585468874376,4.331096311283164e-06,4.894083758699708e-05,0.006128092692394057,1.0,0.0,0.006127993691028433,1.0,0.0,9.489080521166261e-05,1.0,0.0,0.0025698454653959248,1.0,0.0
case-023,inelastic-0.80,inelastic,0.2,energy,1.0,0.006381226893861553,0.08895478122934929,0.0,0.35730310493118517,0.0,0.0,0.013562645863510848,0.0011955363443121314,29.224372167926347,0.9387958638655679,0.0612041361344321,7.186177357766427e-05,0.00020066606521140784,0.06471780042112786,1.0,0.0,0.06471452489328736,1.0,0.0,0.0015744331385469672,1.0,0.0,0.01053681962074529,1.0,0.0
case-023,inelastic-0.50,inelastic,0.5,energy,1.0,0.015953067234652184,0.22238695307337333,0.0,0.7443814686066357,0.0,0.0,0.013562645863510848,0.0038082764949649572,24.192715277564933,0.8049864762896485,0.19501352371035152,0.0003769645703695214,0.0002100387355312705,0.2061528947423347,1.0,0.0,0.20619860571124662,1.0,0.0,0.00825898780533807,1.0,0.0,0.011028971277883038,1.0,0.0
case-023,momentum-kick-0.025,momentum-kick,0.025,momentum,1.0,0.0009669314325996283,0.013479096650429814,0.0,0.004314817750545116,0.030191773993103247,0.0,0.013562645863510848,4.3838164856424555e-05,43.58147634482854,0.9977552174627782,0.0022447825372218233,7.707928795147806e-06,9.779312676982954e-06,0.0023730851993788247,1.0,0.0,0.0023735329760390606,1.0,0.0,0.00016887446441223153,1.0,0.0,0.0005135041322690926,1.0,0.0
case-023,momentum-kick-0.075,momentum-kick,0.075,momentum,1.0,0.0029007942977974993,0.04043728995128939,0.0,0.00747519395053075,0.0905753219793096,0.0,0.013562645863510848,0.0003389654739294201,34.69844535559622,0.982646528593785,0.017353471406215015,6.284405476872368e-05,5.230046735960059e-05,0.018349170224548086,1.0,0.0,0.01834878699759418,1.0,0.0,0.0013768622379129862,1.0,0.0,0.0027462570219244985,1.0,0.0
case-023,momentum-kick-0.150,momentum-kick,0.15,momentum,1.0,0.005801588595596385,0.08087457990257882,0.0,0.0014573900022503466,0.18115064395861932,0.0,0.013562645863510848,0.001043146476149559,29.816547046923315,0.9465765335211141,0.05342346647888585,0.00021775419610040492,0.0001197688834508881,0.05646850116655624,1.0,0.0,0.0564875916839969,1.0,0.0,0.004770817714756375,1.0,0.0,0.006288971280572706,1.0,0.0
case-023,collision-dropout,collision-dropout,1.0,collision,1.0,0.0639430648752975,0.8895478122934931,0.0,0.0,0.0,1.0,3.057247090446737e-14,0.008073348551988602,20.92946297245605,0.5519328528710871,0.44806714712891293,0.0017243683168589007,0.00034898609737865627,0.4370334392622932,0.0,0.0,0.4737662252604774,0.0,0.0,0.03777951038446041,1.0,0.0,0.01832498960077134,1.0,0.0
case-023,time-reverse,time-reverse,1.0,initial-condition,1.0,0.019952388344139572,1.0674573747521916,0.8250899329217986,4.857678082984536e-16,0.0,0.0,1.168385580544664,0.007068393286317587,21.506792942917983,0.638206454326494,0.36179354567350597,0.0,0.0006506472709588706,0.38263233750969106,0.0,0.0,0.38254436540518366,0.0,0.0,0.0,1.0,1.0,0.034164984117274935,1.0,0.0
case-023,random,random,1.0,state,1.0,0.2698297165416065,0.8328261325437831,0.6950142397704123,1.4559669031207747,1.7883973228705838,1.0,382.6013931514884,0.01847306825220585,17.33460965180536,0.0542442174248177,0.9457557825751823,0.04564295035353802,0.01904427260160446,1.0,0.0,0.0,1.0,0.0,0.0,1.0,0.0,0.0,1.0,0.0,0.0
